isDGA,domain,ngrams
dga,tyopcrkqgxcfm,744.6709401709401
dga,72j5rn1l9mzleo6203v1ogenfl,715.217264957265
dga,thenrest,1918.797619047619
dga,15ihbm71utcnfa8dk1mmgoobl9,682.2694017094018
dga,x1d6ou7e7kofk60ayhq74x7e,544.1781400966183
dga,nvptudwjfcmv,690.3878787878789
dga,dtvbafg,835.4825396825398
dga,doqlkpjszrcacin3d7j7k931,702.2881532718488
dga,tacygbtrbuytir,1156.370879120879
dga,ogpbfninqpxa,969.5292929292931
dga,pkllwwkklkgbs,609.4978632478633
dga,ogwpkevwsdhlm,844.5281662781662
dga,kllpyohlrmedmxy,908.9059829059829
dga,rkptqwwluipqhm,720.7359584859583
dga,fgvpimdffyanxhh,729.33663003663
dga,tubphtrdyyhed,1003.3916083916083
dga,rsjhcuwsvqhqa,786.4893162393163
dga,ydgghhwyuqsy,553.1090909090909
dga,1f7ewbe1agxr7dwegr4s9tnozw,872.9307692307692
dga,1ll2hfm1dc3ry3mwd93be2pa69,567.3405128205128
dga,fmhlayeprxkvcjrtpxswsqsbu,877.9661352657005
dga,bvxjoqrwnbhuhij,646.6907203907203
dga,wcavynybnkwraa,973.3400488400489
dga,vxfouucqbrbts,803.3914141414142
dga,ukoldwwbgun,734.2067340067341
dga,umjoklxgauui,816.1969696969696
dga,southearth,1500.1601851851854
dga,uckjmzeqsomncmfaytrvsaqempznj,964.8053122909445
dga,spendpeace,1713.9592592592592
dga,njkznfharknznzzpmfgucylvozx,699.3016714150048
dga,otjqqfqgdfohvhipepvk,721.487134502924
dga,gtqtkaqs,942.7698412698413
dga,ehsr5aiw2g48136h2tr1tn1bfk,719.9754273504273
dga,1xfstzpkqwszqa2b2gj19xztpj,467.02666666666664
dga,qcyimjtdqgkn,736.820707070707
dga,dkdnvrvvfhwj,587.3989898989898
dga,oaqmwxjwfblt,660.3282828282828
dga,rxiemsxcabdis,1289.0596348096349
dga,rbpnjisr,1210.7777777777778
dga,3hmd8c1dxpy3hcx4v0t1n6auy4,491.52358974358975
dga,1a2i38r1h2o30sx32d6wnpdowl,611.0700854700855
dga,irrvopwkcysbezljfydzhaqdmhh,801.5325166191833
dga,baoqksjchutm,853.0409090909092
dga,1gqok7710nnz5u24m2rlwzcbal,551.6777777777778
dga,10dw18h6vdu8y1j3zqqj1l9ss3o,366.2578347578348
dga,mhtnkeqgtqyjuka,831.6059829059828
dga,xfgbyvak,505.8214285714286
dga,pnpzxpraqwkdvlvmbprxizpbrw,724.217264957265
dga,joingold,1258.3710317460316
dga,4mybo2t1z98v1jp46ew3x4201,333.57746376811593
dga,hdunigpfbitv,961.6530303030304
dga,septembercloth,1519.8025030525032
dga,yexttjcsrqsluy,1039.5494505494505
dga,1itta5p1ocxvhr1wtb2dn1gmaagd,848.7109618776285
dga,yimbnrhybvqw,688.7085858585859
dga,14wa72y1a4sr1h1fwbq8koedgqo,599.8497815764482
dga,1on1rer154d05g1qdyjer1mqiojm,784.8600936100937
dga,morwkbwobrcbaxconvcyttg,955.2677708764667
dga,tqaodkhdltoot,1122.7536907536908
dga,ptdrtbilwvnlokc,1054.9583638583638
dga,nrtrsdeyucxsplukcefaskytnr,1216.3114957264959
dga,spotroll,1421.0555555555557
dga,knxqgeerrhed,1306.3393939393939
dga,kfusgxajkakdx,663.7449494949495
dga,cwwitxweowbjbn,860.1456043956044
dga,dvbuhstmpouw,837.7363636363638
dga,rvcrgdmrwhzxibcmztmbltdmmj,794.0460256410257
dga,humanlift,1188.501322751323
dga,gxksyrmdctxphiapxpsy,871.9019493177389
dga,ovqvapvcpjxis,802.4642579642581
dga,fvatgpqwclpx,725.4954545454544
dga,xwxmmrztqsmvdifbyhvkmraqem,768.3295299145298
dga,madewore,1588.6666666666667
dga,qonwsurecqma,1211.0146464646464
dga,uzrwiswxkgpfyxn52i1ukrkhm,639.6263768115942
dga,abc158d56eeef544ef21daaaa9feb144,823.6487007168458
dga,tsyodcpvonpmidc,1104.1798534798534
dga,pjwsvgmsrvnn,920.381313131313
dga,dpfnigcqittyhqr,985.3228327228327
dga,1opqxm11xku6tv13xtrtt18exygt,629.7758784425451
dga,withbqguksdq,740.0282828282828
dga,hdifledvueisc,1294.795843045843
dga,hdqesqdiuvvfrpa,966.6263736263736
dga,foxhndkbdseb,932.1696969696969
dga,oudjtyov,851.4761904761905
dga,nymjfcnicxyu,815.6353535353537
dga,itohetciikjqpcmjfhqjrxcijr,942.7473931623932
dga,eqsfcoknmbuthvxquvu,791.6945877766311
dga,plbxgbmduasxg,746.4312354312355
dga,wunhyfltomimg,913.1796814296813
dga,evvcewytorhlc,1152.5998445998446
dga,ajjpeymqkxssjoc,839.3796092796092
dga,15luj5sxy9z5j3elh5uftba90,522.7642270531401
dga,kexngyjudoptjv,818.2814407814408
dga,mnlyklnpmoaoe,1170.1561771561771
dga,13kwgxh1k5wdpi1pm7zv715p3nau,422.285816035816
dga,djjyqgbcusqutc,656.1285103785104
dga,ixdeythowshsj,1060.5499222999222
dga,cihutkvkgmdyntgrkkvkfup,740.2292176422611
dga,dreamcolor,1531.8592592592593
dga,triedeasy,1783.2896825396826
dga,jxvqpcvphikofrbalw,716.0709422657951
dga,yqfxjerlehoe,1149.148484848485
dga,lookgreen,1559.2936507936508
dga,10eilodq5r9wu1h2mnid186luf8,669.141918328585
dga,axjmhkjadjr,703.605387205387
dga,cyctfueygubiypxwmjnibcq,804.2964740573437
dga,bsyhkkhgtewqw,714.0738150738152
dga,sundaynovember,1372.8195970695972
dga,vaewhakifdpc,1017.7772727272727
dga,nrmvcxbfqvfojlo,714.5079365079364
dga,musicelse,1624.2824074074076
dga,1gy1xqkuhqzj8p19y312s8mhx,257.48611111111114
dga,rockguess,1360.4748677248676
dga,xafdoovwrwutc,897.3205128205128
dga,nfvehpbgujpxb,684.1144133644134
dga,visithigh,1275.832671957672
dga,dpoyyjvgwqpvo,558.8696581196581
dga,hwfpiibgkinptuy,924.3636141636142
dga,qnjsbymejpkku,712.6800699300699
dga,phpghxskgettphihxkkvci,850.196608946609
dga,rutgiarrwalcm,1297.0911033411032
dga,kbqwdecxxsut,813.8949494949494
dga,ftxjprwxslrkl,806.6688034188036
dga,llcuslxdls9jv2hxzi160gin3,715.4154830917873
dga,petwimamfpvsmfaaa,1162.4615196078432
dga,geemcypvbzpcmdyrgpqozxhy,753.8876262626263
dga,fadcprmegbqil,1067.4578477078478
dga,qkmjnvkzjvtjzgitskxkjnfeb,663.2162801932367
dga,sightgift,1208.0608465608466
dga,ykfnyenpkpmusc,926.1843711843712
dga,mehhtxrdmflij,969.0736208236207
dga,5jyah6n6971zsmak31d2jt4m,497.50016469038206
dga,womfgizpmbtajvfefausdvwlhqhq,775.8963844797178
dga,uqdruplruuohb,840.8084693084692
dga,74tn5tz7dbqb1xonwhxxi1hs0,593.8134782608696
dga,dcuuiglvv,815.1541005291006
dga,ev3z6ay8illj114ebd11oedm7r,784.500641025641
dga,fnhohxlhkybnagbijcto,880.9819688109161
dga,qxds8u1pex7841ifsza7xoceef,795.5266666666666
dga,gxpcyhgmengai,1050.420745920746
dga,bceidnalgels,1485.9727272727275
dga,mutzba1k13vr0mw9073owlem2,575.3259903381643
dga,i5ep531lfuanc1ytynl1mmkio4,844.1373076923077
dga,ujovjxtlvshmc,729.9794094794096
dga,71af3f42ab8f85a67ee1b2cfaeafd912,656.8596326164875
dga,mooevweurgwsfto,1172.4843711843712
dga,wmnlmnmyorspuwg,937.9065934065934
dga,1goalbzgjn37dmxctnfvib5w2,672.5241062801932
dga,xsfauihmebeif,1188.3545066045065
dga,okshiegjianzi6fo1rsmwnkq,1021.4684892402285
dga,aqbudetjhwsrkhculsovkha,950.1869314260617
dga,gqrfyleealpoiff,1152.0540903540902
dga,uqetaqihylyri,1132.0075757575758
dga,p35dbg3ne4u27gqnxk1ach2yj,552.8202657004831
dga,dpxrwvumbqdn,661.6424242424242
dga,klnrvjjglpvgo,736.2542735042734
dga,u9iswiifp54bd1vpp0lnexx9,739.3055006587615
dga,jgfvhlgrausleh,989.3177655677655
dga,1ljl1efyn49mwz3ccyv1o1dibz,587.205170940171
dga,5jvc23ry2zp31yesh86tzico1,631.9743961352657
dga,hhmrciktwpeoew,1120.2164224664227
dga,1dlamnb1jbo10r4yeud6ylrmuv,736.6591452991452
dga,5mvpg51kwg7q31enbhv215n33z4,386.018081671415
dga,tlgngurtirqx,1153.1934343434343
dga,nolybyhligaardwwqbmp,911.2637426900586
dga,btutgkppsairq,1054.1604506604506
dga,doumcvadlqdb,842.7979797979797
dga,dgehiucmzvkdyaehdcwcdsw,919.6281134324613
dga,gaddwiyspjiiyq,939.8507326007325
dga,cs1i883dzg9j6yfy6t1mdzsj1,476.57722222222225
dga,uponiron,1512.517857142857
dga,guwhydrulpgrbe,894.1040903540902
dga,129gtepj34erhuqy8cr1qdk554,599.0428205128204
dga,fcxeubngdxkg,762.1974747474748
dga,riohsdowhyhp,1002.0414141414141
dga,lkrhrwjawgcwnqt,824.6
dga,lgfgyqhwkttxol,694.0677655677656
dga,opmsxbliqxask,928.0464257964259
dga,epjubhrxjqschfwjrrr,818.895826166724
dga,abwvsuxaksophu,882.7112332112332
dga,souoxguglfijgmyjngiuoijtcxbeeq,960.9420361247948
dga,edidlkdgonqxh,1018.9590132090133
dga,wdtmgrmgnjlokf,827.46336996337
dga,eifnkusc,1253.970238095238
dga,1l21w8u1we86um1kprq56vfo41o,449.5565052231719
dga,udokeveglhffdtt,1045.3884004884005
dga,wwdogvftityyjcu,798.4747252747252
dga,bniwmlhwxngu,810.9853535353536
dga,suitnurntwwu,1218.7257575757574
dga,ljghuky,492.23015873015873
dga,mpwesvpdtteknb,1161.3937728937728
dga,unfywjeormrbmox,934.9990231990231
dga,2t8gzn1dvsvtsxsy6b1l3r6xg,647.5144444444444
dga,fkwvlf1bsjxpa1neyscu15z8i8f,648.0746248812916
dga,dasmafkgimtipot,1223.0395604395605
dga,owhk9e1xiftb611a933s1fsnb8t,674.8417853751188
dga,bbypsmbuvpyckr,674.9307081807082
dga,ubifnwlprjpa,933.8323232323233
dga,ekslaiocgvnwl,1218.5759518259517
dga,wgilljojytpvnftspixxzleil,978.1872705314009
dga,jy4m6w1cd4enxlby5g7asnkuf,655.6450483091787
dga,almdne1h85wth1to2gmaa397mg,805.3154273504273
dga,eqfmnsxmujog,873.8439393939393
dga,drotwoylf,1014.4398148148148
dga,sbpyqqfnlqeieci,1084.6684981684982
dga,cfrxowcdymuf,711.4808080808081
dga,qxdpveaudlmi,977.1151515151515
dga,uyjpqrlvpojsi,820.5277777777778
dga,i3wukceooawp1mlutz11e7qbm0,763.6247008547008
dga,tsxcerjrnivf5uihegn6jzw,1010.9196938327374
dga,kggnouootkqsroa,1111.4297924297923
dga,yfyutv1vg72hc31u70x1kmk21e,393.12205128205125
dga,gr9qlfy8m85z1m2n55112ctcma,507.85897435897436
dga,bnehwctfgeoaha,1228.7689255189255
dga,1vxhrnj13j9jd0ak1psb6xcs11,490.63589743589745
dga,ethruwdexnls,1289.2949494949496
dga,rlok6w17di79z1qdy83e71c0ra,610.9216666666667
dga,yo7o3t9fw2401al585i2ptdrr,665.7438888888889
dga,iaiggepwklst,1270.2025252525252
dga,yohytofuhkfg,688.5515151515151
dga,popdnsfcqoau,1040.0540404040403
dga,kbmvepysviqemj,893.185286935287
dga,hkp1381f7wqog1j9azrm15yi2o0,433.8698955365622
dga,12bkuoslurwdylhhk9f1may94z,570.4809829059828
dga,spendserve,1758.3842592592591
dga,a2g5q9saguym1dpr5dlmkv3xb,599.5971256038647
dga,knaucmytvwhakth,883.0166056166055
dga,obtvwvsmvucj,713.7590909090909
dga,pnlrgcqpnxsdtwogvkbajrtc,936.669521299956
dga,1chob2liqu89d1sur5mdmqy6e5,666.1072649572649
dga,4y2nre346cnz1ajnq4g1o6ejsn,789.009829059829
dga,cloudcross,1309.0657407407407
dga,13lvzq01lcrl841d3ibj2z9lng,499.72205128205127
dga,1407eqyidi4xfnkhymdcz37kw,544.1671014492753
dga,f8wcpo154522zjl7xkv1ucwyca,408.22512820512816
dga,rrigvggvgfrfpu,847.9285714285714
dga,hunqkybrpuhcru,762.2875457875457
dga,sfmnvoddeprlr,1201.3824786324785
dga,mzkvgyorugeplrdqiftscucaq,958.7646618357488
dga,mnr1ol1jlc2qe1iksfm016s2w6l,698.70465337132
dga,ceoggegeqtib,1369.1171717171717
dga,uponlate,1592.8313492063492
dga,kbssqduobqrxlnsfipcm,915.9454191033137
dga,nfwijlhfuugp,710.2474747474748
dga,t74dthmqwqme183wx1y3qy8nr,523.5914009661836
dga,bitcgxeqhuyd,885.010101010101
dga,tatskkkyelut,1190.5272727272727
dga,vlcetdyqsvxpxis,966.9561660561661
dga,braqcw1ybrqxm10bwet7jqfzgn,614.4036752136752
dga,korqb7dmmffz2hz7eddaktc5,681.1624396135265
dga,ba671d1be631a3dcf761bed552cfef3b,582.7640008960574
dga,vlgwbroqcmyrvbd,729.3111111111111
dga,spokeseven,1652.2259259259256
dga,bqmeifvaxcclfpv,838.2396825396826
dga,10pyqnbm0bykj1d9qhmh1mri4nt,550.0185185185186
dga,1kz1d4wge89fh1lblb9j12tkbov,454.25699905033235
dga,tahvrsqkybvmrnym,867.495634920635
dga,joinhope,1355.2261904761906
dga,lvjstjnesjaj,1108.2540404040403
dga,ehfgkyteyenjaun,1194.5070818070817
dga,pickeasy,1344.1289682539684
dga,watchcolor,1279.0185185185185
dga,djlphjmxiemem,967.5538073038073
dga,yardtuesday,1356.4606060606059
dga,cfjayocetfdqj,895.9547397047396
dga,eotdtjradaeqndt,1418.137851037851
dga,ijjvbaozthkvxcmrpzswlvcwbi,746.6867094017093
dga,nwabjvuluxdkvtiihs,893.1756535947711
dga,wrongmoon,1320.1501322751324
dga,dreameasy,1661.7083333333333
dga,mcbksstivjvn,1009.3848484848485
dga,jgiudlpkpsjis,932.0200077700077
dga,lhynqmlvnidph,860.4046231546231
dga,rjmnaapvjwjmk,754.1217948717949
dga,u55k4c1pvazr6ztcl2kc5a3,568.8353096179184
dga,kcqulthgydahal,897.0805860805859
dga,uksffnnhuqwqrs,810.2179487179487
dga,xobabanfojtshtsorusfueadzpt,1170.9388414055081
dga,vtrlvmjefwvk,774.3833333333333
dga,rwwgusaiuskwgcmdyovyhhuxypxg,733.4727309727309
dga,wtiwvaumnujcvp,855.2515262515261
dga,uyy729lzzchgzwa94tdl0do8,523.4921497584542
dga,1p6u6ravxkhj49hknzt16oev7a,618.3948717948718
dga,xqpwsgyxvkxcifjbdiuglf,611.0078643578644
dga,ardseqpl3k9g8rybcc7wkvpl,774.4014053579272
dga,ljzxhpnjaixwxsmreucaydmdq,855.934420289855
dga,oxwssnltsews,1333.0762626262626
dga,fefbtnrduyun,1057.169696969697
dga,puscrfdgtpdgxb,839.9880952380953
dga,nsxnxpwcoweea,1242.7653457653457
dga,ddxgptoknppflnvpzdzhh,726.1794068504595
dga,wsimxkexvpnyyj,780.6312576312577
dga,mojssutqr,1080.7870370370372
dga,bypoaujftbbpqv,652.8214285714286
dga,18i4ido1xwozbu197aa5d1byk2yh,536.2363654863655
dga,bfswahsfckpplv,788.2405372405373
dga,jbqvecssinyqg,1011.3397435897436
dga,xxyyfuqjdryb,434.54494949494955
dga,udaaryqcixgrnr,1141.2451159951158
dga,ilrcwgixxdjm,835.5434343434343
dga,cbmmbttxbiiwm,871.4594017094017
dga,hwqpvuhcyxsaxh,598.047619047619
dga,kslcmwaftqitowg,974.4598290598291
dga,rypjrwgwgamdmytrshehwkpscmf,887.2675593542259
dga,khnnmywalt,994.0120370370372
dga,fgauqkoiaipwblb,900.5319902319901
dga,agbdoxkvdptxvfhh,652.0027777777779
dga,ljwdagnite,1284.9046296296294
dga,smkqojscfvsvn,845.6474358974359
dga,14v0ick14azted1nbjpl91fy95it,678.6882376882378
dga,a4i9x78az72h1cdsyvk1pah6d4,550.7067094017094
dga,utq4p01jn6yc7bx5vv1ic38w7,410.7911111111111
dga,qosdwxvwwsiu,781.7712121212121
dga,oywjwmkuygwh,446.26262626262627
dga,watchbegan,1289.0166666666667
dga,noiqkuxekrwjk,825.8861693861695
dga,ipxujgkiuaaulsmva,973.8850490196078
dga,hwrngufpinhx,916.0166666666668
dga,1ijmqujqtdgkz1azlv5o1ackbh1,565.6009686609685
dga,muhphwqxggpi,583.3712121212121
dga,1iolsid1ikkv4x17b4vwhui5sqs,708.7750237416903
dga,pnxpvjpxxjuwlsr,642.2714285714286
dga,raksuonaupnvg,1190.9974747474748
dga,dxruthbg,803.7083333333334
dga,puxjytvctyeow,849.974358974359
dga,wcarqhmohcvokb,819.2090964590966
dga,sundayboat,1291.3379629629628
dga,nfbwausdghhuh,798.5767288267289
dga,ljqtgakmcvjso,812.6824009324009
dga,lssagjfmlinnwh,1116.56684981685
dga,spokefruit,1305.9685185185185
dga,1dkly1b6ydhj21nv5c9l115zflc,410.6720037986704
dga,triedfebruary,1455.4024864024861
dga,oidescdmpfar,1354.5318181818182
dga,vkvgvcozucbmscpffacqtgxgasof,798.2691290191291
dga,offerthey,1338.4828042328043
dga,triedlight,1509.6685185185186
dga,lkivuoavo,1014.2929894179896
dga,gnlmlxc,872.6111111111112
dga,adkdneggocysy,1088.0858585858584
dga,1fxvjql1fl4j11vh8k9j1cr7lzx,304.7592592592593
dga,watchtuesday,1297.3520202020202
dga,dbrcurwgefdycixamvoug,946.4369674185463
dga,dpjahfscjqsy,756.7878787878789
dga,xnpuuvijadmsok,908.9093406593406
dga,3c87kl117yww07c81ja1s8uf4r,392.45897435897433
dga,ouhfigxyxasgleqkr,934.0705882352942
dga,njwsrtnajdsl,1177.74898989899
dga,vpmxrqgr,699.0476190476192
dga,pvnpgitfveosn,1192.8941336441335
dga,1fxhhvoa2i5jrsaxym88qn7ku,624.7752415458937
dga,hgelxzpmfqwifmnfyxtp,718.9650097465887
dga,rsswpyqhtfdf,838.3429292929294
dga,ymcbxlmgjwnxmhn,630.515873015873
dga,xtrxcjwtgmdd,775.0792929292929
dga,je1hyw1judj1d89pypv2tzuv,444.9996706192358
dga,signhigh,1188.6190476190475
dga,ykgrhqloaidb,909.7318181818182
dga,gcldmxifxcsen,1070.6857031857032
dga,wbhyubaeiupb,870.9777777777778
dga,ynkxxlrsssta,1187.669191919192
dga,wkawndvnysbopbrvncgtb,912.3360484544696
dga,dukfhbyrsflrgdepjzxeqinmvdx,855.2572839506173
dga,amchqwsokkxm,723.6095959595959
dga,cebivkvgyqoovceucyldvcrdwc,910.333205128205
dga,vpmvvcmkjlyl,553.7878787878788
dga,1dl8xpo1r021p01nul4opp2f0il,594.449477682811
dga,toswfyueyxfutaijmrnjydfi,970.415568730786
dga,tgcakjfesgkvkrbmbmbanrxyusnvhi,937.0107553366174
dga,gdqnfdymlmof,728.6070707070706
dga,ikgmxkcbyrhwt,705.6410256410257
dga,watchconsiderable,1542.2799836601307
dga,vqvndnafddke,956.9277777777778
dga,xxvutklrwpdkxm,594.0238095238095
dga,139vomciqh85n14og8r5ke5za5,605.4005128205129
dga,1qkfz41c2jc525hjk7u1pybs2,286.7238888888889
dga,wfrkpmikbkvdo,690.6080031080032
dga,arivewear,1722.6951058201057
dga,ksmfvuinrcxq,878.780303030303
dga,1lk68utrm7xaysf7xn71gicr50,663.9414957264956
dga,vg6wlb1qafahk1sijirn1tmhix0,768.923779677113
dga,dnnjlhmqofech,955.8945221445223
dga,rpinqacxdhlr,1112.2191919191919
dga,8e42b6a441dbc387fba4a969b4bfc83c,448.497311827957
dga,rbsnspmsytaw,1200.50101010101
dga,lmghyhaicfdyn,900.7874902874904
dga,fp0vr0tn9o424kcwhm16z6a03,475.05777777777774
dga,septemberought,1460.1303418803418
dga,1jukpfx1w6adejgjofll119rkmb,564.4977587844254
dga,yqbuhyeqnjetkan,977.7316239316239
dga,adjoxscecfwpi,1070.8638306138305
dga,xccg6jr08jj48ffjxguj6lex,440.344806763285
dga,193wnz89aohom1cycp2b5fcfse,662.9276068376068
dga,1rgc7u256cqms1euil0012fyfo5,589.3527445394112
dga,khaxcypelmaebbk,975.5761904761906
dga,rwpvmkevlevclg,956.9453601953602
dga,nxvxfndpspbalw,845.8638583638585
dga,1mift9ot9qt0tv385jbsrfilg,752.073115942029
dga,dutygone,1289.015873015873
dga,isxoaktdbmxg,944.2338383838386
dga,bhkddfgawsdse,975.4250194250194
dga,buleekkhvltek,1110.8824786324785
dga,xupmytnhfc,742.4157407407407
dga,yullyfdddosrjio,996.6056166056168
dga,onidnfytxphynryhprhmbnrypqg,914.5260018993353
dga,signborn,1414.0119047619048
dga,uponhorse,1474.9609788359792
dga,swfweawrktfrtk,1030.748778998779
dga,7lgn4b1b7ml0v1srero511c4chx,684.7813485280153
dga,1ljnlk21jlee9pqlhesv1rwypbt,835.7916429249763
dga,xqedfykeajlne,1119.7925407925409
dga,jhtvthmditiiey,1202.282967032967
dga,vrfkcrkyrrqxgth,787.5885225885226
dga,ruyeycrfkgkteht,1068.6496947496948
dga,ruimcgbdayrij,1046.8949106449106
dga,headcolor,1472.8736772486773
dga,1368gq5gj8fl01sucaj88a29uf,417.25440170940175
dga,phdupprjtjuwaan,929.2498168498167
dga,1l7rdilwv2240xtvaqo1izjsrc,722.0657264957266
dga,rlrektbcadxtmrv,1168.1319902319901
dga,dtnqgh1ifd046ybtrtk14c7jv6,594.0923076923077
dga,yuv2u8djz40i1qo58wq1yz5a8z,331.74051282051283
dga,120nbxhxvnrzlaw4ach1p3mc0m,611.2980341880342
dga,jl8chey6gvog162f46f7bj90z,390.04881642512083
dga,putisrswuvpk,1045.7585858585858
dga,nxncxbflqvdtr,829.237567987568
dga,wentmonday,1407.034259259259
dga,qfertnbfpvdmkmg,853.2118437118437
dga,1rf7xb66mj1whndp03hy34zbr,398.8044444444444
dga,duqbwmmmsobpme,836.258547008547
dga,f039029385cdab5fa9016c5fd861b5f7,293.71644265232976
dga,ijpvdukfcyleihswhxodiaemfgair,1054.0374931581828
dga,12mmssv1avppbux05gdl1ywnkwk,556.2573599240266
dga,lfchyndnbhksvsl,892.6247863247863
dga,pickhurry,996.7473544973545
dga,tmydbrfvdfnr,870.6060606060606
dga,enqhvlyvrqllvt,916.9273504273505
dga,q1aa3d1l1jyii1gpjy57edq5sv,649.7107692307692
dga,jwyvnldxhlaheot,949.6172161172162
dga,vlxfoihracqjpst,975.9858363858363
dga,ybvhjhonmamrpc,864.4847374847376
dga,tbcdvffrxvys,735.9348484848484
dga,1qw6hav72jicp1b07ec53si2ex,654.2136324786325
dga,dda8cbde6fcc2b19cfcac1b3c0084e68,639.0686603942653
dga,r32asaine0k101j0pjvwmt86,729.2688844971453
dga,tonqkiejpegbml,1139.1654456654458
dga,680864f8de4e13bd658dc755afd4f9fa,463.6743951612903
dga,jsgqmlmffesqix,854.606227106227
dga,darknoise,1591.2387566137568
dga,mjxmfbibdgmav,667.7655400155401
dga,txeawpslnnnpk,1202.7393162393162
dga,qwmfepdui,874.7189153439153
dga,n6xlze1svafgi1gfkknb69m6kc,655.9456837606838
dga,klbigkn,856.2476190476191
dga,1c9pu61apufep1p4v52v1ccsnw8,591.2236847103513
dga,casereply,1644.9675925925924
dga,xfkba91pwr28mvoxofcqb0rbg,541.6656521739131
dga,iyqxtqryyoekc,882.3376068376068
dga,kteiuautorkbiti,1409.7941391941392
dga,qcihbvakvccv,728.3595959595959
dga,021194bbaf31cd3ed38d77eb45450f54,389.5413306451613
dga,9sk3mxyxva512zivry98b6bm,450.9408212560386
dga,qoqkajckdcelab,923.4441391941392
dga,kiyaetgchrgja,1131.2942890442891
dga,yyupsqernewmu,1096.50777000777
dga,withnews,1336.2936507936508
dga,bcdyuscjlxdlyio,873.2970695970695
dga,135t51e1jeggegh1cmvnztsq3w,726.3258119658118
dga,fifnlcrxvx,838.1101851851853
dga,lgqtcnvbytqtlmijtqobmkzwg,759.6428743961352
dga,slvoxvqsiqvp,799.3944444444445
dga,knjuhptmfipdp,799.0592463092463
dga,waipnxkfuhlbu,783.0017482517483
dga,fwrnwglywteekyuwhyp,855.0776860451783
dga,pcrehuyirwkrcnr,1171.8483516483516
dga,pacfyapwtouqw,862.1340326340327
dga,lordnoise,1652.5753968253966
dga,drinkfruit,1314.6527777777778
dga,wyaecynekmopcef,1182.1642246642248
dga,gerkwpleavrhy,1151.7948717948718
dga,whichgreat,1341.9037037037035
dga,17a34430e2ef41fae7a753d67214fe2a,599.5047043010753
dga,trkrhgxjxjyj,578.0757575757576
dga,wutmvnoqxqnijko,792.3476190476191
dga,slbugcihgrgny,974.3912198912199
dga,bixdrwzhswkjwydxozhaqtoyhrcmn,756.7636380222589
dga,shpyfbvjaamwfuq,656.5113553113553
dga,gukvztwemxrcvshmbqkhmbil,749.8401405357927
dga,cwnyvbecionmyj,1026.114774114774
dga,yznztj1cj0wf61yhaxq61lde5gm,517.534358974359
dga,ksscwtimrpfy,1035.790404040404
dga,ttxtmaweveggykn,1110.160805860806
dga,avdqixrxfrmtsa,1033.5915750915751
dga,4da8270223ca03320d65ae31dc050583,394.12466397849465
dga,bnmpobuxuuaem,956.4687257187256
dga,1rrk8sq11fvbvv12wrgjn1h39ls9,506.336860670194
dga,ierpmkhvuijbby,890.4084249084249
dga,1vcuodseppi2i1p3x6hq1estyig,902.9694207027542
dga,quickwhere,1239.4916666666666
dga,ablemeet,1741.579365079365
dga,fylcglribgtnn,1070.0367132867134
dga,en9uu8hi1i3112ynceg781yp,721.7049846288977
dga,dvntjx1rysllh17grnz1jzbu9z,628.2652564102565
dga,qttgxwxolzpdttssccurcnbxk,920.2027053140097
dga,fwjcepgvbwqi,692.3267676767676
dga,bss4xl1bf97hs1et11yc1hg2huw,588.5422602089269
dga,swdrgtdcmdlvefvkdvsjjn,879.7153679653679
dga,gladsome,1403.4345238095239
dga,ibnmdqpbyccumzrgskbeql,840.0262626262626
dga,liaafruolidlj,1236.5825563325564
dga,uzlukyhiqugugcuwgljvzxwwo,554.511690821256
dga,gladonly,1191.8253968253969
dga,thensince,1848.6263227513227
dga,vsgaprpmrtwtijfusgqgxct,967.516029863856
dga,pcrfihhkpohhnm,863.6196581196581
dga,lordtalk,1308.1646825396826
dga,oxeqpmjeukyiqd,853.2808302808303
dga,c9b65274ba613d2d2a5ae0427df0c264,423.81821236559136
dga,rytvudwvwvcu,674.1444444444444
dga,wcuqwkprqnlhd,678.0448717948718
dga,1r1upb0vaikc5e1ojm8y7bcel,753.592922705314
dga,quickhope,1047.66335978836
dga,ymexwdle,1092.4404761904761
dga,hytmxptwrytvm,786.3319735819736
dga,bsbbxflhtumqjvv,567.1332112332112
dga,pcpfwixurocr,959.6838383838385
dga,fargdmemizvawkwcxwtllb,899.7246031746032
dga,grouponly,1146.9589947089946
dga,frdoygkcisxeasvigfrvf,1043.7690476190476
dga,r5jy8k1rw3pc3alor6u1rklbbi,708.218376068376
dga,upkrmovtouatexk,1097.0837606837606
dga,plmmwidjqggmq,617.5765345765346
dga,pmt29x1py3p811zdagh5aluv3,504.59637681159415
dga,whromdvqcrpt,899.8671717171718
dga,rpklnsjxmsbbuwi,872.9333333333334
dga,ddobetlymosstgl,1235.6032967032966
dga,pzonciqchrkrhiscaihdytn,1140.3913670870195
dga,yyliapgwldql,854.8757575757576
dga,msjdarvlnwtg,1028.5146464646464
dga,sjbtbuqsrkvthpcjqwbvq,643.9254803675857
dga,vvdpddwrrojki,843.1794871794872
dga,ganieocxgqqamui,1140.5312576312576
dga,enddqkotuwgbt,1005.5038850038851
dga,l9959k1mh5gk01rqijgt10kded9,507.3569040835707
dga,828a35d8794db5b366f525468be3a0dd,343.46740591397844
dga,pmwmyymekllxpcdecjs,887.8600504529296
dga,jsshvpdqqbblpq,614.2680097680098
dga,xnieyaatbqkeea,1416.2109279609278
dga,xwovoryfmxeutoovpkvnbaky,853.6786341677647
dga,hairbreak,1461.5066137566137
dga,xhoftdfbopewf,839.1390831390831
dga,spokehigh,1147.5515873015872
dga,gmoailaexzxhtclhwgnbtx,978.2983405483405
dga,opeslfkdcnlukpm,1012.1311355311356
dga,yinspwncscjxnf,1047.7518315018315
dga,1vn8gpg11k2opuxlmjaty6te1v,666.4561111111111
dga,usyjiukojavmwys,801.7263736263736
dga,14pr0natrn6oi1ns3vwf1aodgdv,906.635061728395
dga,kgpdxepjpwxu,610.2323232323232
dga,htqgwgetqpykq,701.2195027195029
dga,uquogymkknou,718.6090909090908
dga,cdjggnlwqkirw,768.1839549339551
dga,liofnjskxdobtuw,926.4748473748473
dga,nbifhmyycvsbnqg,774.3084249084249
dga,1rbbc561w1v91keam821puq0ka,489.1446153846154
dga,ebxuwucqwssxsny,871.8523809523808
dga,twsfetwxscidirmjwkcemvdqym,971.6160683760683
dga,m9wl9zyyhvkysrxw94hhlcnp,538.7687198067632
dga,maogcathyfgcjtk,937.6360195360195
dga,3p1zg230h9ey158hoa71aqfsuf,512.4422649572649
dga,ixemldbaurijuc,1112.700244200244
dga,guintymbvolkbcuaqdecylfx,918.1984519104085
dga,pw35gq1824y201mrhlg5kmwhhf,328.9605128205128
dga,lcltymmslkvmlqa,891.7717948717949
dga,1caztlp4brmif1flegm120dxju,706.1146581196581
dga,ulvomppudji4vjbfoqkfx56n,577.2164580588494
dga,beyqclydrdxkhep,894.4255189255188
dga,4ks0o316xtsov11wyx7a1t08rrs,656.4166191832859
dga,bj2drj1gpm1p4ui2fnbyn742d,525.9638888888888
dga,triedhand,1608.679232804233
dga,rafukyqoekhsmk,885.4618437118437
dga,frontseven,1692.315740740741
dga,dyyuoymuxvmcvbj,533.5086691086691
dga,pndcaisqcprss,1308.2626262626263
dga,torpjnxfupyiea,1133.7152014652013
dga,kwhmcvqykwamfff,476.58412698412695
dga,1oy8ytznecrwvg8sy5t1jcfuoy,744.2036752136752
dga,pblbnlfsovvpe,975.7977855477856
dga,1jx3o87ochu2s12qwphocup90g,496.8615384615385
dga,1h3c7081xynp961dsvz2mwxa6j7,366.60921177587846
dga,mfjfgmlbzptojhubahmtskuoljfujf,689.1323754789272
dga,cffhlhphjeyojl,742.8519536019536
dga,xxmkswdtqjtruty,770.9324786324786
dga,xwmhgqwwlyb,394.41952861952865
dga,songroad,1510.5753968253966
dga,1bozxyk5pcopl18ihjkpn65xka,562.1273931623931
dga,ofcxlybtofglm,804.0128205128204
dga,h1ntbo1m1upxluzr50u25za3w,557.868574879227
dga,ekvsrcwuuwhcw,830.8892773892773
dga,1lvd8rf1cs6om7u2hvd41b13h66,448.15150997150994
dga,bdrcjmgvbwtcwic,793.291697191697
dga,9m83eo3y1987ttgzp16vm62d,466.66908212560384
dga,6gwa14e99ask1wmixxpuoxakt,736.0825845410627
dga,knowhello,1184.0734126984128
dga,plcaslppotdgh,1088.7385392385393
dga,nrmpxjmwkmoun,802.3047785547786
dga,fyovteajbpxgjzhbeuwofjfvp,720.3684541062802
dga,ifwvfcchkjpl,639.1949494949495
dga,goewqxnakfmgp,833.1724941724942
dga,mqqxvpdngqgssgh,683.2031746031747
dga,13bdp3p4ecb5b15nbq5mdrbxis,627.0033333333333
dga,omctmtcsjes,1315.4626262626264
dga,l76tk210vws5v1m7vl7g19iiot8,549.7683950617284
dga,bwubbyynlrxlqxl,628.5128205128204
dga,ompnleypmysd,1078.4111111111113
dga,rxxqmcvywikdxp,572.3089133089132
dga,1yjm9lf1qwhr9m2bpdtlvsapzj,565.4391452991454
dga,1e6xrxw669hqp3ctdej1k9koss,669.2916239316239
dga,ofjymyiuaalfc,913.9605672105672
dga,xrjajrqckrdely,960.1828449328449
dga,akwahqvitoful,937.6672494172494
dga,vboklqwiveobm,853.5200077700077
dga,lsincdvncodc,1279.059595959596
dga,s60awp1ou0zh91c3kju11o6gyh2,437.0802469135802
dga,takenname,1698.2929894179895
dga,ebhajpiehbms,1147.2025252525252
dga,spplmbvurfmdec,973.256105006105
dga,lvvomjtlmzhmifycimjdxcplvxo,746.5787274453941
dga,spokebuild,1176.3583333333333
dga,edpfqqouqhhasi,963.8702686202687
dga,xcvnyoh91x38fuw450il8aot,599.384826526131
dga,m8fmzkjmmn1z1wydohp9iqfp6,467.1661111111111
dga,knowwore,1250.6329365079364
dga,agferrnbxamxklmy,1000.1863095238095
dga,9npmb8176d5ra2sgw2l12ggik9,560.2113675213675
dga,ghxfdybtqwlio,739.4209401709401
dga,qnnswnmxscoffow,965.5948717948718
dga,rwsoroauvozxofindaonqgmvti,1154.2601282051282
dga,visitname,1641.1891534391534
dga,fahqfqjnztfukbrsrsgerwqctkdeusjv,921.0233646953405
dga,wiferise,1720.9107142857144
dga,gsaracuswvov,1159.8161616161615
dga,vkyevcviwmkax,756.6794871794872
dga,1ld03vz958flowzymqg1ted7g0,508.0128632478633
dga,stixsbekctvn,1276.5944444444444
dga,mkpaeyaaxdgclke,1087.8835164835166
dga,fksvmewobmnm,900.2656565656566
dga,jnayqcqlaamu,934.3742424242424
dga,homwrphksavjaps,943.1157509157509
dga,theneasy,1704.267857142857
dga,mhoxbfsphqmg,631.9914141414141
dga,cgblfgejwgumnlqodevm,875.422807017544
dga,njayxweaztxpvpijldulhquk,796.4510869565216
dga,3ea5884ba5ea078a035c2e45e96bd464,632.2342069892474
dga,17mcus3b7x9send4ys1blpvqm,683.5959178743962
dga,1g7yxqi1du84ev1g0xwzegh2doy,535.7644824311491
dga,pucpnzltdmnbbuctfvoeapw,962.4092791266704
dga,8y63ai6o02yutnb2awzko3p0,601.7463768115941
dga,cveatrrvlqub,1144.460101010101
dga,vvyjixfugrtlf,710.0343822843823
dga,arnm6fnebysr1asz5ocy5nh6p,953.59
dga,xxescgowojjoa,991.5687645687645
dga,wcksansymoxgibjfkx,826.658496732026
dga,cfaruasyctsnrw,1261.3992673992675
dga,lfgbqjuogwgb,525.1186868686868
dga,dlnvsflboujy,829.2959595959596
dga,akjwsxuxjeiybjk,684.379365079365
dga,pufdyarobgtjt,947.0571095571096
dga,hxewjrqojbhtysa,864.5658119658119
dga,72e6g17ghetv1rwef40xcvt40,660.8827536231885
dga,igqrktbwalkunk,889.4725274725274
dga,xghiyqqwbjwq,367.1722222222222
dga,avokcvsyaoixovi,1059.2583638583637
dga,pwgatwcfchbhgup,739.9688644688645
dga,oviphvdrgacsff,968.0970695970695
dga,nlowwlrfrpqjod,889.5320512820513
dga,qmplxqdpuvdsy,623.4823232323232
dga,sundayride,1468.3212962962962
dga,msbievcxdiocmybfjid,978.8383786263043
dga,iwqgsgaqcbew,920.8888888888888
dga,ughukrpjfhirgkrlzrwwcvvxtd,733.531452991453
dga,xnn8f7ds8xk713mfx8h14wnhfq,410.41641025641024
dga,cfdw9oj4vhr1ktr2je1pf2rq8,600.9527777777778
dga,gaqoukusbemvsxsobyheizsgxkj,909.4769990503323
dga,lypmnokduqcgqbc,711.1512820512821
dga,f85940c0fc9aec0390a7f793d7144a33,400.1122311827957
dga,bxuydvtkdwqv,479.949494949495
dga,xujgtikcmtaguc,918.5964590964591
dga,fjmwktvncwrle,897.9224941724942
dga,uikkfyunmdqa,768.1646464646464
dga,vysftyaccqoaxb,882.5528083028081
dga,wifebreak,1354.7870370370372
dga,ttttsscxqqfgltm,1035.3374847374846
dga,iggdvyvgwdyq,567.6656565656565
dga,1en5jw81jn1qx91kasq4igrwty9,617.5086609686609
dga,hhfahqlnxqqcfoo,714.408547008547
dga,929206d69c6413226d2938e027b98413,174.72916666666666
dga,ksatpyhywdxn,853.6838383838385
dga,thiswild,1261.6309523809525
dga,spokepast,1451.0932539682542
dga,jxlinqvvmojiu,816.6919191919192
dga,ytsjujdbcivx,756.5681818181819
dga,mnvkffeavcydpnwklrteimbc,1010.2468159859465
dga,yfwwpcngylmxejuxbaip,777.6530214424952
dga,ioywhuerjupr,1077.579797979798
dga,deadcount,1491.3869047619048
dga,modrrfbiunsawr,1199.466117216117
dga,ud34oe2wd6zkjgy41crtxevv,637.9679951690821
dga,umuhpyiblwbq,625.8267676767676
dga,1xo6mkcid4l3l1drg1n0w5hn9b,602.1168376068376
dga,bwkorsiljyyufdjy,748.3218253968253
dga,rockgreen,1582.5443121693124
dga,d02rzq10ygy13y7xohu1f1wbna,430.84880341880336
dga,dknefjsmftmmn,992.6928904428904
dga,kk3e6p5inspvuqzlio63dia5,854.519872639438
dga,movepage,1386.5972222222224
dga,songguide,1426.306216931217
dga,madecount,1482.790343915344
dga,hjnhsvgsoiapak,1067.9105616605616
dga,jmoyxhsssxvg,777.540404040404
dga,qdtvbjrjtqrwansquxna,912.7657894736841
dga,cuksooiaxfdisk,1113.0286935286936
dga,frontprove,1447.9740740740742
dga,ijlxhuxcdufqi,692.1581196581196
dga,bbpcuquja,637.7850529100529
dga,uhekambalvjr,1004.2414141414142
dga,fvwxcgpflepsmqs,808.7551892551892
dga,otdfhlhorpwflmq,838.9360195360196
dga,qrjcuralofanpwv,1014.991697191697
dga,varxraoxmol,1139.2323232323233
dga,dnfxtkbcaqvce,921.7707847707849
dga,pdawijudqftfanp,911.1251526251526
dga,imydhelgkqvwp,771.5258352758352
dga,2xvd568rm7nryz6noy1qdy4ah,564.1845410628019
dga,gooshmahbfro,1060.85101010101
dga,1oeazm8wbiatpp6718a1w8cxux,692.615170940171
dga,pskzvm19fx7561pgtf2t3763yc,386.7698290598291
dga,qexifgmenkdme,1166.5042735042734
dga,jsckhhcqx,573.5429894179894
dga,imxdwdscghyqtik,849.6991452991452
dga,8hjkymqx9pzygzmxoni18xly,465.1686978480457
dga,q515er1xuml9s3gc0u4imbrjt,689.1664009661836
dga,omaikrgcqvot,1070.0030303030303
dga,inwqeagmghpksts,1146.4836385836386
dga,vtkcwo7py0y3zcrcb11jjibba,592.6767632850241
dga,xfedrcamnvuojzbmfqjznjetq,834.9191062801932
dga,qlunuvrfsficvulhaspfn,968.6016290726817
dga,1x3iwg8rcrgrg178utnw1ftpocu,734.4000189933523
dga,frontwash,1316.0
dga,gjqdcxmctjpocs,781.2628205128204
dga,xamstargayjdvxcin,1123.487091503268
dga,jlppfbdxiktisohk,873.9599206349206
dga,txjkxodgpnnosd,920.6474358974359
dga,rvwklgsmadikhu,893.9966422466423
dga,1nljxx515dwluk18itr4i17ikpns,687.7633970967304
dga,noberhb,1288.6190476190475
dga,shehgrwhqxha,901.9217171717172
dga,kllsljlkgyjyx,620.5429292929292
dga,xpjrxmpxofjh,524.1969696969696
dga,4agruy19awa3c19r154w1obnyoe,724.4863437796771
dga,hfomrnwgcvtcx,846.9259906759906
dga,xdnrf1nnpw301de2zvrak4pmv,716.6178743961351
dga,unq7yxmsm057xbaqnxkxnyi,606.8636991028295
dga,1pbdsfp1kaypnp1mp48ap1x0h82i,580.2871727038394
dga,1cnpweu1e8cnm8p0zbxfn4v7bc,665.0225641025642
dga,pstctcdf,1140.1666666666667
dga,bjommqxanjqsc,764.8865578865579
dga,visitshow,1329.361111111111
dga,mgqbbsmubcyaxp,671.7368742368742
dga,qctteplyumytvw,947.579365079365
dga,qqfvdvjcsumidj,633.3052503052503
dga,gturwovdmnwntvxbqe,926.2322984749457
dga,qhhslltegmfe,1130.4676767676767
dga,hdciibpijibubgi,989.2757020757022
dga,uhkjxslcdcdxe,814.7268842268842
dga,grirlbxfvheetn,1224.5708180708182
dga,pdigwcpjqijddsuqn,810.2143790849673
dga,nakdggocixsu,1051.7818181818182
dga,ilfxyeyqldjdrb,827.7210012210013
dga,bkijsyvmwbyp,591.5383838383838
dga,vreip11g9lfq9arhd4c10tvorm,813.3423504273504
dga,wqidpsngbwxosl,911.8397435897436
dga,musicaugust,1252.3858585858586
dga,1d6bi4dq4r2jo4mp7n8zeru8k,621.5720048309179
dga,sicksome,1475.3373015873015
dga,yafutyigheip,1115.8964646464647
dga,nakrqjoejqvu,871.1131313131314
dga,kfrxtjrdbiappjhekzmrypir,929.8198287220026
dga,bmpilgwhpfuqbcw,625.4759462759463
dga,qaebfalcqktwqfc,842.4907203907204
dga,ksdwfgxjonypwx,626.3064713064713
dga,3qo3be1rookcixu38cq1t493n2,661.1946153846154
dga,wanmmtvvftarvahjfpd,925.8301800252266
dga,mckxyxnvlnkdlb,681.4212454212454
dga,triedgrow,1476.633597883598
dga,irbyhekfcqfqojypderrchmzxgfu,820.5722086555419
dga,59zk6wv1k94k1amjwfl1lr7j8i,380.91333333333336
dga,judmuibpxqtqpj,594.3495115995116
dga,fcyjmxjxyngybak,546.3470085470086
dga,bywjcrjbmxid,631.9904040404041
dga,hairraise,1798.3763227513227
dga,hchqjgdpxxwl,477.38686868686864
dga,brayahwwfwvcv,711.9195804195803
dga,xaowtamdeswhlxl,1090.2499389499387
dga,19ydmikd1r8sjeiwgyweai0tf,887.8765700483092
dga,humanmail,1259.2136243386242
dga,sighttuesday,1375.6626262626262
dga,xqotb6vx3ey015e1mc1f10wl5,504.71671497584543
dga,lyornkpndminjn,1159.2350427350427
dga,tyqrjup,724.468253968254
dga,songthank,1362.2096560846562
dga,n9jsp9pzvx221f0heqw1o5bix1,485.79337606837606
dga,vshfusnuxyykw,673.4022921522923
dga,ssawybroyrlq,1054.4454545454544
dga,docbxxnrctjllk,885.5039682539683
dga,heflmqbxxhlo,740.1282828282829
dga,ardbmqwynxlasgrwv,908.8292483660131
dga,kayixrmslepplf,1076.1605616605616
dga,gimgygulfdyludyhdwfahytqo,738.2913526570047
dga,sfgplbzzwbp3ap6ya4lcyim,686.1805633979548
dga,2zlc0lj6n9ahsgebcgdr85nh,775.6264273166447
dga,wfmyprcpfvntfj,715.8318070818073
dga,1hdk3cjywbh071tr4geujvd36e,573.1846153846154
dga,leyoxqrgsadopr,1168.803724053724
dga,dobkqumdvqabtj,666.9178876678876
dga,jpsyoxouusredtu,1122.4356532356533
dga,myvlulqiqieiyo,1009.4566544566543
dga,rtdtsbehtsyad,1344.562937062937
dga,gitpieunpkenuu,1315.9484126984128
dga,gvnbeqwlgyhj,688.0762626262626
dga,lmsdmoppnpvphp,876.0735653235655
dga,cazlbmzhwyxjfkfrkqkfykpv,459.89679402722885
dga,onjrucccqineiozlmqsbygm,1062.1572557876905
dga,lbatsdhuwdqkztplvgqgy,739.7340434419381
dga,pickrest,1571.6666666666667
dga,hkljwolhilhe,943.0383838383838
dga,1k1fpxo7w8ocu16e9ucv1yod7h8,505.8536562203229
dga,kloglggvehhc,883.5469696969698
dga,xojluskdhnlu,834.5863636363637
dga,lefeetxscwudhq,1151.2152014652013
dga,faircolor,1446.9186507936504
dga,areultttsmbrk,1384.9555167055166
dga,rbzegewm2x3u113eogi1w47vz,657.0663526570048
dga,lqqurevahgppe,1060.454933954934
dga,lkjrgdkhxqinhs,807.1782661782662
dga,1kjazy060nykacbbkvm7ud9vy,462.5285265700483
dga,acshaqmpecner,1432.5819735819734
dga,1dky4oh1qpavddrs63nq498z9f,512.3971794871795
dga,1b715881fztnyq1lcs9v0pezawz,512.8343209876543
dga,feptgmnk,1034.9960317460316
dga,jviqpamrhylsu,888.7964257964259
dga,1liur161gze6n5ff64zeibmei8,803.0365811965812
dga,sykjvkbnvdqdns,733.8812576312577
dga,fyybiouagqlr,903.7232323232323
dga,spotaunt,1474.1626984126985
dga,ysgq08rsoylg2gg91a1uclts,781.889218269653
dga,ptfuybcaqoesh,1040.709595959596
dga,bibcxuliggeislv,1098.9106227106226
dga,drinkgreen,1659.5444444444445
dga,uowgjalhexotv,976.4669774669775
dga,wmxeckevnmapleb,1132.1653235653234
dga,cniknslnrtrvuq,1211.9691697191697
dga,tjimnoxekkittin,1323.9253968253968
dga,dutythrow,1024.8935185185185
dga,sgvmsn1bbt7fl1dvvrk61gxlu3m,614.5019373219374
dga,jointhey,1370.4642857142856
dga,bcsuqudgryovluyesrgfn,981.5950710108605
dga,m5hjt81truy3i100evb366w60d,509.39995726495727
dga,vlsnsxrojulaxr,1096.6211843711844
dga,joinkill,1243.686507936508
dga,1ysb4ymdb6rmp1mopyk91qeq3l4,547.0766381766382
dga,ntgpievmdyoqih,1079.3519536019537
dga,mxbotdvad,902.4715608465609
dga,gtvptcsyjcai,1060.7484848484848
dga,1bh5u441iwnsux15hoylulkz8wb,514.5328774928774
dga,ehuerujqdevb,1110.79898989899
dga,14lvowy1ma0n4o1ae25kh1qygnq0,592.7875118708452
dga,crwbnlgpydftpx,791.2731990231991
dga,qqillniluxbb,879.5267676767677
dga,ehqqymhmjeenrgd,1025.9520146520147
dga,hwvpvuqqywbp,356.26262626262627
dga,iketnigcpwwldo,1142.7579365079364
dga,jpwbqhkkonjsn,694.7323232323233
dga,jisrkqwvoxxxu,652.7426184926185
dga,ryxgkpfdgwwnvh,578.5934065934066
dga,emlrxoucbijlfyttjvlpzcmeyor,984.813656220323
dga,feltthey,1373.15873015873
dga,mbomqflocybgnhrw,783.2061507936509
dga,qcdsfjyqwneuis,947.8580586080585
dga,lacpixnsxsyrmk,1063.0851648351647
dga,1jmde5rjbqmnn1bjk4vz1qo4lwm,539.9202279202278
dga,ebbkrirgpjivccivu,1016.9107843137255
dga,riuoytydepavvvv,1025.207326007326
dga,xarrqifrwtrxqxy,893.3467643467643
dga,fqwqjacflcrdgg,694.5396825396825
dga,80ejdo1x2qldb1f65vja1imt7fg,547.4910161443494
dga,1hwrr5o147bgf7eqx24cgn0clw,571.9517948717948
dga,akodcxtjthgrj,886.5934343434343
dga,11ldi601u4cr141bnphp519xhp6,455.7463817663818
dga,fa4r8tou7z4a57e7up8foe7,766.7944350335655
dga,1olmi9k1bw7k4dwck09q1faqskx,468.85109211775875
dga,132zgpdkosu1i1ng5mb134wki2,530.097094017094
dga,tafmlihihmwmrb,992.7481684981685
dga,hqtfezdbbaxcmbhjnucvkdqpkb,658.0118803418803
dga,ircgnqgqiwx,866.3521885521886
dga,1b3z0xx7fsdml14n7772z0hyie,466.10777777777776
dga,lecmaenylrffv,1227.7853535353536
dga,dc9acef1d40a819b8fae5982ecba3fb2,688.5026433691756
dga,xcrotrgbyvwuinobpztdtslxc,988.9659903381643
dga,djdlylarjq,826.3296296296295
dga,thensound,1514.672619047619
dga,yktsybmjdpuowx,665.2820512820513
dga,2a50089de733fcb3ad58f3c150b92581,357.2657930107527
dga,jnfiayeixcrcxhegeeqgpbaeqov,1157.3320797720796
dga,mhdvnabqmbwehm,797.0744810744812
dga,4f3ao51uarvf9k3c440ijalla,712.971618357488
dga,uylyriwskonkx,923.2290209790209
dga,cnaysaessevooyt,1517.0240537240536
dga,movetell,1521.138888888889
dga,1cu2k0q1p5m5b914bpdwd1arm3vu,422.5706484873151
dga,1wl2qz41hyup61psbctstq7ija,630.1641025641026
dga,mu6aud191lexy1t3ygc1lc08g1,580.8726923076923
dga,1xhj8a7i4fg8w1xb9ehlxsdhwj,510.9948717948718
dga,1r5mg491micjc91jbdn7g112mzcl,495.76756885090214
dga,9nvsho10knaep1ur3ehp1qdhe82,839.9980626780629
dga,southwear,1425.1355820105819
dga,sjbnxmycwwqqcl,604.6959706959707
dga,1blqa5c1ca9ie1vo3we213jz7jz,608.9748338081672
dga,oca7e719vbq7e7yujnu1eqga1b,725.7326068376068
dga,kdci861x7egnltx9yj113b6iq7,547.4723931623931
dga,iqqnmpbhrelx,967.7853535353537
dga,ecae199d304eaea846e8c6af8bebf374,849.9134856630825
dga,qcptcjnlfcxkxsxtcdtxwqwa,751.227766798419
dga,bm380u152w9eb1ni72181myiejv,523.5157454890788
dga,ohqikapowkqe,920.0651515151516
dga,ovdofxscbnsxafo,980.0589743589743
dga,uponmarry,1269.2235449735451
dga,sgdpqdoberon,1227.9257575757576
dga,eoimdeeoakrnabk,1459.7803418803421
dga,dxqfiyqipnhebg,842.2973137973137
dga,oiynjwqgjqlmnee,987.376800976801
dga,jumpcold,859.7222222222222
dga,1jij7jk1iklaihde6pz04e9xlp,702.9015384615385
dga,uxylsdbqwltgsy,766.0622710622711
dga,1nx4fhp1n30sn01ab62jhs049y,495.2384615384615
dga,aajbhcvfgoqpkc,716.6465201465202
dga,nitjvclukihug,943.4116161616162
dga,rcvgegtthsool,1260.5339937839938
dga,e63eln1e6au5qlf6rhf15bref8,846.7341025641026
dga,jlcqubadrgwfffxqm,603.4301470588235
dga,aglretnncsco,1540.478282828283
dga,qnjqmmuuatvn,830.4717171717172
dga,qwunbihtqgee,1065.518686868687
dga,nm9csgu63p821u638mt10ramtm,627.8333760683761
dga,dtjancpqhfsv,898.5681818181819
dga,gjewcvqkxbdorfl,731.4293040293038
dga,piqieqhgfqrhhdo,891.1
dga,pbcxsrlvvcxvd,719.8098290598291
dga,nwvwpuwsjdkxp,573.9059829059829
dga,wifesleep,1581.9490740740741
dga,wifeguide,1311.890873015873
dga,yaiyhoykpqshl,843.2533022533024
dga,16vm8cc167pyar44dybgpe3hkc,568.1221794871796
dga,rtgdcqblkuwfrvv,724.6959706959706
dga,luoysfoioqmmhrt,1039.9898656898656
dga,mqfeggulfrmwhjgqqf,605.8789488017429
dga,fsnyamqxbsbp,815.0414141414141
dga,ukbtwpvwqkdxpjifxmfbqnz,495.895256916996
dga,rithxfkwmflbxj,669.9517704517705
dga,uyphoykvvmxetnf,779.4035409035409
dga,spendover,1628.0079365079366
dga,nqqmvfylufhuk,514.5439005439006
dga,1wllvq010x92814l5gr5eoyuku,462.584188034188
dga,6jkexm1brmn4t1siwzxfujd9fy,617.9657692307692
dga,1lc8tbh435ib51ep327li1jn0z,569.4138461538462
dga,bludmvbxnqlv,622.6904040404041
dga,pargotuldwmihk,1021.6184371184372
dga,nokkabdfqievbng,967.5941391941392
dga,bptmnvidckq,850.160606060606
dga,lcdxoafsqyyek,903.8785936285936
dga,qxthjmbhujph,482.5520202020202
dga,sundaymail,1304.0361111111113
dga,iysqopsiipmdvh,1038.0299145299145
dga,1of46v11fy97nsth917a1wx2zk7,402.47435897435895
dga,xnfepbxhuhdtuqr,814.0432234432236
dga,ldywougivdamztklqcgukz,743.0761183261184
dga,whaboqepuotfcw,931.7750305250305
dga,ufosidmewtqx,1028.5166666666667
dga,iuwpaqudfdjyfqt,688.3710622710622
dga,mlmqncnljlwpv,777.1794871794872
dga,1hs4317wz1e0v1s1jnqc1yp0eqx,494.8979107312441
dga,lwcenxedvjvcxqt,931.1234432234431
dga,i81prs8wjs861qcsif71cyeooq,765.2350427350426
dga,southhelp,1246.9431216931216
dga,jlljsxwrfkys,715.8585858585858
dga,maudmjvij,782.7228835978835
dga,lllndsiljokku,1036.321484071484
dga,septemberfish,1538.7577700077702
dga,bhonnvsjryhpbmhlbbiifb,863.3896103896104
legit,teacherspayteachers,1701.3899782135077
legit,animespirit,1744.6185185185186
legit,pyramidcollection,1474.7319444444445
legit,callingcardconnect,1570.0923202614379
legit,undertonevideo,1668.2264957264958
legit,estadiovip,1592.3388888888892
legit,dashboard,1279.7427248677247
legit,mifan365,827.6309523809524
legit,chare,1696.5222222222221
legit,recreativ,1878.2089947089946
legit,roadkilltshirts,1428.0989010989008
legit,businessmarketingreview,1629.7864357864355
legit,800notes,1209.1130952380952
legit,taxifarefinder,1610.9590964590964
legit,webtrackerplus,1352.8778998778998
legit,therecord,1715.0271164021162
legit,wuseyun,1154.857142857143
legit,kabbage,1141.8158730158732
legit,1japansextube,1265.9578477078478
legit,skidrowgames,1337.0530303030303
legit,googletagmanager,1490.9373015873016
legit,iperceramica,1738.601515151515
legit,yourlocallotto,1342.5619658119658
legit,mebelkart,1461.3280423280423
legit,goodlookingloser,1425.7033730158728
legit,strictthemes,1720.8
legit,tupatrocinio,1561.4676767676772
legit,sitevote,1822.9047619047617
legit,openstat,1802.8650793650795
legit,yuanyuelh,1109.524470899471
legit,avathemes,1624.4497354497353
legit,hastane,1810.7047619047617
legit,sasa,1812.2777777777776
legit,live4fun,1109.5218253968253
legit,buyhatke,1058.031746031746
legit,postdirect,1612.7351851851852
legit,vlaanderen,1767.3046296296295
legit,usatodayclassifieds,1483.4209379658296
legit,littlebyte,1554.05
legit,sexmoney,1476.1646825396826
legit,pbs,926.5555555555555
legit,macdigger,1378.6144179894181
legit,groceryshopforfree,1420.783360566449
legit,wikiislam,1289.1044973544974
legit,satollo,1562.5714285714284
legit,hd-rulez,944.7936507936507
legit,justonenetwork,1474.8061660561661
legit,sitiope,1851.147619047619
legit,quehoroscopo,1283.0262626262627
legit,mysarkarinaukri,1395.2185592185594
legit,phorum,992.2277777777778
legit,quotescover,1502.06632996633
legit,blackgirllonghair,1270.4345588235294
legit,998pu,270.3
legit,theglobeandmail,1434.9832722832725
legit,mundomedia,1389.825
legit,warbyparker,1275.4851851851852
legit,jordomedia,1414.635185185185
legit,liveitgorgeous,1488.173076923077
legit,snacktools,1412.8138888888889
legit,podfm,802.4611111111112
legit,mycandylove,1165.6868686868686
legit,newpost,1482.398412698413
legit,lollapalooza,1309.820202020202
legit,long-mcquade,1108.4939393939394
legit,clickvoyager,1233.7429292929294
legit,resume-now,1409.0314814814817
legit,dicksmith,1212.9107142857142
legit,tv-porinternet,1639.9517704517702
legit,mediadico,1561.1322751322753
legit,protennislive,1699.6874514374513
legit,mazikaclub,980.1750000000001
legit,elmostrador,1598.5585858585862
legit,mrandmrssmith,1381.4116161616164
legit,haoyisheng,1382.9842592592593
legit,sucking,1268.479365079365
legit,packardbell,1270.1676767676765
legit,southernbellaswaystosave,1491.6416337285903
legit,zzadmin,1080.3507936507935
legit,loljp,908.5222222222222
legit,citizensvoice,1594.8344988344988
legit,xintaibbs,1369.089947089947
legit,maadiran,1612.623015873016
legit,4umarket,1212.0813492063492
legit,modernmedicine,1696.6321733821733
legit,waspada,1329.0698412698414
legit,minijuegos,1373.8500000000001
legit,connexity,1473.8432539682542
legit,raetsel-hilfe,1541.5044677544677
legit,ronpaulforums,1252.6923076923076
legit,garancedore,1766.019191919192
legit,pdashop,1144.404761904762
legit,sorubak,1176.3873015873016
legit,watchmovies,1331.4929292929294
legit,pointshop,1406.3134920634923
legit,xiaosege,1622.5714285714284
legit,alegratka,1573.125
legit,bigseekpro,1416.6564814814817
legit,euarticles,1800.625925925926
legit,kisalfold,1216.9503968253969
legit,mediavacances,1639.7616550116552
legit,techsupportforum,1252.6097222222222
legit,800disk,702.8428571428572
legit,pinlehuo,1384.9047619047617
legit,ajinomoto-kenko,1265.3089133089134
legit,essiacproducts,1540.6553724053726
legit,refworks,1297.4027777777778
legit,webdesignfromscratch,1363.557894736842
legit,chartbeat,1551.9986772486773
legit,viralnewsworld,1353.343711843712
legit,adarrive,1664.357142857143
legit,healthinfo,1443.2
legit,xinrong,1448.7904761904763
legit,marktjagd,1068.3002645502645
legit,15min,955.3055555555555
legit,pchelpforum,1078.0969696969696
legit,sidn,1555.9166666666667
legit,mycheckfree,1283.9562289562289
legit,medipartner,1725.434006734007
legit,s-kanava,1207.593253968254
legit,onlinemarketingtips,1680.265623208348
legit,eways,1349.7944444444445
legit,rybbaby,777.2587301587304
legit,foodtruckr,1110.3537037037038
legit,wallpaperstop,1432.6394716394718
legit,tra,1871.8333333333333
legit,businessvibes,1598.7086247086247
legit,administrator,1714.3024475524473
legit,machexpo,1169.875
legit,mahaconnect,1544.4323232323231
legit,sublet,1420.0333333333335
legit,efe,1835.388888888889
legit,animestigma,1669.8929292929295
legit,hnzxyy,485.4444444444444
legit,newfrog,1242.2206349206351
legit,routeripaddress,1698.187912087912
legit,xchange,1297.1238095238095
legit,cashgenerator,1736.7853535353534
legit,callbuster,1521.8814814814814
legit,linekong,1558.623015873016
legit,serpmonster,1825.0666666666666
legit,am15,630.6666666666666
legit,diariocorreo,1734.2424242424242
legit,happify,917.2539682539683
legit,proline,1741.5031746031746
legit,interiorspread,1887.8965201465205
legit,pussyspot,1212.846560846561
legit,anaqamaghribia,1360.880647130647
legit,cthouse,1443.6634920634922
legit,schools9,1159.4603174603174
legit,losviajeros,1492.9895622895622
legit,ip-tracker,1402.9953703703704
legit,filenori,1688.4027777777776
legit,pizquita,1117.2222222222222
legit,carolinedaily,1607.5802253302252
legit,chinaauto,1470.4146825396829
legit,cityline,1636.5297619047617
legit,sainsonic,1794.3776455026457
legit,interbrand,1782.925
legit,mybloggerthemes,1354.8545787545788
legit,mamasandpapas,1440.987567987568
legit,xkcd,532.5
legit,gleasy,1434.711111111111
legit,e-dasher,1543.0059523809523
legit,sportsport,1515.9916666666668
legit,irlgov,1159.3
legit,posterplate,1761.662626262626
legit,freeclassifiedlistings,1687.5322510822514
legit,paidtoexist,1523.7818181818184
legit,sport195,942.5912698412698
legit,lafucina,1374.9464285714284
legit,mm111,259.26666666666665
legit,chameleons,1633.8787037037036
legit,allepaginas,1643.072053872054
legit,wartune,1542.4793650793652
legit,nycitybusinessnews,1489.2693355119825
legit,kinguin,1428.7222222222224
legit,babesnetwork,1421.3500000000001
legit,allthewebsites,1625.6862026862025
legit,excelpx,1201.004761904762
legit,wholeliving,1347.8461279461278
legit,socialflow,1260.5527777777777
legit,alibench,1481.3075396825395
legit,swiki,1175.5
legit,dev4press,1468.146164021164
legit,sexmatchbook,1182.239393939394
legit,boxinwen,1326.6666666666667
legit,mexxaseonetworks,1447.9025793650792
legit,sexxxhd,867.5238095238095
legit,tvboxnow,894.2202380952381
legit,videa,1571.7666666666667
legit,myrunclick,1070.476851851852
legit,withings,1413.5396825396826
legit,recordonline,1789.8035353535354
legit,fanbridge,1362.9940476190475
legit,022china,946.6686507936507
legit,ebird,1480.5944444444442
legit,malayogamonline,1479.124297924298
legit,jobs,908.1388888888888
legit,jtl-software,1227.1873737373737
legit,top1health,1245.9435185185187
legit,unionyucatan,1486.1050505050507
legit,theasianparent,1829.761294261294
legit,pixelcolourgreen,1497.5916666666665
legit,bloggerexp,1274.7712962962962
legit,369518,0.0
legit,news-eleven,1613.4821548821549
legit,elmaidane,1731.0925925925924
legit,gamersyde,1525.6236772486773
legit,buddytv,716.1269841269841
legit,deluxeblogtips,1284.318376068376
legit,samakal,1365.6650793650795
legit,knifriend,1488.2156084656087
legit,andalucia,1491.28373015873
legit,inspirythemesdemo,1561.6908496732028
legit,receitas,1971.375
legit,freshporntube,1441.8084693084693
legit,sendapplicationget,1682.1672113289762
legit,baijialeba,1429.6462962962962
legit,wxyz,172.61111111111111
legit,bigvisionbusiness,1544.2830065359476
legit,acnestudios,1645.8232323232323
legit,royalcm,1190.7587301587303
legit,socialengineforum,1563.4973039215686
legit,bilgicik,1150.154761904762
legit,playtech,1293.748015873016
legit,paizo,1196.6000000000001
legit,txtlinks,1311.5734126984128
legit,allainjules,1547.1417508417508
legit,buzzpo,557.7944444444444
legit,anonhq,1287.5555555555554
legit,shouyoushe,1204.9296296296295
legit,cn280,522.8166666666667
legit,tresellers,2027.3037037037038
legit,tocana,1661.8666666666668
legit,333site,1188.2920634920636
legit,torrentgun,1646.2305555555556
legit,trafficblackbook,1096.5099206349207
legit,everythingbutt,1402.6663614163615
legit,bradfordexchange,1331.5972222222222
legit,ironhorse,1722.7202380952383
legit,venezuelaaldia,1560.3174603174605
legit,rsc,1518.611111111111
legit,adespresso,1838.7083333333333
legit,voxcinemas,1403.5157407407407
legit,clickmein,1432.3578042328043
legit,motherhoodstuffs,1251.9007936507935
legit,chloeandisabel,1536.3470695970693
legit,bluebreeze,1496.5083333333332
legit,fullonlinefilmizle,1366.105936819172
legit,thethaovanhoa,1401.915306915307
legit,lotus-watches,1308.4809634809633
legit,kadoebi,1316.0222222222221
legit,danejones,1729.1911375661375
legit,sbnation,1742.5
legit,buhgalteria,1439.3811447811447
legit,theattractionforums,1573.5823873409015
legit,tabonito,1588.900793650794
legit,royallib,1294.968253968254
legit,fuyang,985.0388888888888
legit,infoonlinepages,1669.0851037851037
legit,weblistingonline,1675.025992063492
legit,maxxinternet,1630.7166666666665
legit,fashionfabricsclub,1261.0114379084966
legit,wonderplugin,1376.24898989899
legit,loligames,1531.9537037037037
legit,dg163,283.76666666666665
legit,expressjs,1535.0482804232804
legit,pinsta,1748.388888888889
legit,posterous,1661.1091269841272
legit,cnevids,1459.5698412698412
legit,amusingplanet,1549.487373737374
legit,pnas,1510.0833333333333
legit,techz,1254.5611111111111
legit,blendtec,1603.3789682539682
legit,muji,798.6111111111112
legit,juweixin,1174.7916666666667
legit,1doost,1233.9055555555556
legit,roundtablepizza,1268.6026862026863
legit,hankyu,920.4833333333332
legit,kyleleon,1478.6408730158728
legit,jurisway,1107.3373015873017
legit,hofer-reisen,1649.6737373737371
legit,shitbrix,1266.970238095238
legit,echinatoursonline,1724.440767973856
legit,mymangosteen,1559.7616161616163
legit,freetemplatesonline,1830.5126132324276
legit,wscom,1095.1777777777777
legit,videosbang,1401.6925925925925
legit,dianying,1506.46626984127
legit,imtalk,1273.0666666666666
legit,taamolnews,1496.2592592592591
legit,zhibo8,717.7333333333332
legit,antalvali,1595.7943121693124
legit,gaddiposh,1190.5079365079364
legit,affutd,939.5055555555555
legit,playstationlifestyle,1596.1184210526317
legit,antarvasnavideos,1616.3154761904761
legit,freekaamaal,1548.823905723906
legit,gamevicio,1425.1944444444446
legit,theseojobs,1466.612962962963
legit,fuckedtime,1318.625925925926
legit,bricozor,1282.890873015873
legit,contactology,1384.2752525252527
legit,hdtracks,1239.501984126984
legit,extreme,1783.346031746032
legit,selenic,1933.0
legit,popcornpartner,1538.412087912088
legit,tvxs,914.5833333333334
legit,southerncompany,1397.4909645909645
legit,4cdn,864.0
legit,sfcservice,1559.159259259259
legit,mydiv,834.1944444444445
legit,farsedu,1486.3492063492065
legit,picsmaster,1668.9055555555558
legit,hockeybuzz,743.0009259259259
legit,bloooogle,1323.9060846560847
legit,prosperitycentral,1657.924591503268
legit,netricoh,1645.349206349206
legit,mangacanblog,1312.279797979798
legit,canadianbudgetbinder,1515.693274853801
legit,promipool,1288.1984126984128
legit,imageban,1489.9900793650795
legit,avalon-asics,1439.450505050505
legit,denofangels,1586.8063973063972
legit,allover30,1224.6878306878307
legit,rabbittvgo,1203.1064814814815
legit,servicos,1661.998015873016
legit,paraisowebcam,1434.29662004662
legit,endeavor,1722.704365079365
legit,majidonline,1523.1723905723904
legit,prestitisupermarket,1708.5921339295955
legit,lamiastar,1678.0780423280423
legit,deutsche,1503.71626984127
legit,lolhappens,1410.6861111111111
legit,on24,873.6944444444445
legit,macwelt,1333.6031746031747
legit,teenhotvids,1584.3026936026936
legit,amherst,1642.0047619047618
legit,busty-britain,1302.252136752137
legit,jackjones,1285.241402116402
legit,shegods,1370.2507936507936
legit,sbcodez,1198.8555555555556
legit,cococomic,1323.6699735449736
legit,avtv,996.2777777777778
legit,celebmafia,1474.7064814814814
legit,rookiestew,1648.2064814814814
legit,firstrepublichb,1290.5322344322346
legit,27coupons,1065.8498677248676
legit,dota2lounge,1313.3299663299663
legit,bet3000,668.9761904761905
legit,bugatti,1327.4238095238095
legit,sharepointonline,1776.411507936508
legit,vergelijk,1313.4874338624338
legit,africaguinee,1629.1520202020201
legit,girlsgames1,1350.6063973063974
legit,outbrain,1501.017857142857
legit,klmrw,752.0833333333334
legit,socarrao,1651.3095238095239
legit,sitedossier,1919.5602693602696
legit,gerweck,1353.963492063492
legit,algerie1,1644.4920634920634
legit,yoc-adserver,1426.0378787878788
legit,pliggtraffic,1184.892424242424
legit,assabahnews,1482.4892255892257
legit,jejualan,1296.7857142857142
legit,allsubs,1285.5031746031746
legit,freesubmitsite,1667.5540293040292
legit,numerologist,1518.2777777777776
legit,5food,829.6055555555555
legit,elperiodiquito,1539.9126984126985
legit,terezowens,1759.6601851851854
legit,scripps,1381.4047619047622
legit,holasearch,1515.663888888889
legit,ezwebdir,1283.3333333333333
legit,banglanews24,1212.4429292929292
legit,lubbockonline,1283.0844988344988
legit,ahmanolo,1368.2182539682537
legit,storiesonline,1936.999417249417
legit,voyagesphotosmanu,1295.8812091503266
legit,digitalstrategyconsulting,1554.7294444444442
legit,mp3ostrov,1123.6798941798943
legit,binaryoptions,1575.538655788656
legit,redspottedhanky,1447.0890109890113
legit,starone,1966.636507936508
legit,tury,1134.8333333333333
legit,crashonline,1685.596296296296
legit,zuqiuba,783.4920634920636
legit,sologals,1434.0714285714284
legit,goldendeals,1590.4787878787881
legit,ganganonline,1689.3560606060607
legit,pixeden,1569.7190476190478
legit,streaming,1791.5105820105819
legit,bellanaija,1495.8314814814814
legit,globalinformationnetwork,1458.935606060606
legit,clubic,1051.1055555555556
legit,onlinesbh,1592.8088624338625
legit,playxxx,635.6460317460318
legit,humanite,1531.638888888889
legit,dealsmachine,1634.4510101010103
legit,q8ping,982.1333333333333
legit,sibsoft,1316.7920634920636
legit,it4profit,1290.1415343915344
legit,safelinking,1553.1838383838383
legit,poimon,1379.3888888888887
legit,whydirectorysubmission,1364.6667388167389
legit,myhomeideas,1424.5909090909092
legit,javiermegias,1527.5974747474747
legit,lojagloboesporte,1423.2531746031746
legit,qgqm,322.1666666666667
legit,shopbychoice,1169.7691919191918
legit,tooptarinha,1574.8259259259257
legit,e-kontakti,1398.8166666666666
legit,qruiser,1557.2380952380952
legit,purescans,1661.9603174603174
legit,tdc,1144.7222222222222
legit,catster,1937.7666666666667
legit,hostessen-meile,1737.315873015873
legit,getstre,1903.7952380952383
legit,wh98,175.2777777777778
legit,ticketreturn,1671.7560606060606
legit,free3dadultgames,1399.2095238095237
legit,hackerrank,1425.7203703703706
legit,finanze,1539.8650793650795
legit,freeagent,1850.4854497354497
legit,mondoconv,1298.417328042328
legit,impresasemplice,1660.8537240537241
legit,altoque,1372.8095238095239
legit,freelifetimehookup,1439.4497549019607
legit,indiabook,1381.6640211640208
legit,emfastincome,1638.8070707070708
legit,december,1649.0753968253966
legit,speemedia,1795.3650793650795
legit,somethingpositive,1583.6870098039217
legit,1hdwallpapers,1218.7498057498058
legit,goldencan,1523.6494708994708
legit,twite,1672.5
legit,rustybrick,1190.2601851851853
legit,55haitao,1176.736111111111
legit,microsofthup,1173.801515151515
legit,xsrv,928.8611111111112
legit,kgw,327.94444444444446
legit,sneakerfreaker,1748.6474358974358
legit,pelikone,1615.9067460317463
legit,sosoyy,1189.3666666666666
legit,theplanet,1665.0006613756614
legit,moderator,1693.464947089947
legit,intoscana,1768.7030423280423
legit,70,0.0
legit,12580777,0.0
legit,jamelgas,1345.9742063492065
legit,hwadmin,1171.6396825396826
legit,wallpaperscript,1441.9438339438339
legit,ovationtix,1602.4185185185186
legit,peoplenews,1598.7944444444445
legit,ohfreesex,1591.5654761904761
legit,theenglishmansion,1636.7160130718955
legit,w3cplus,787.736507936508
legit,addicted2success,1465.0186507936505
legit,juetuzhi,1014.7361111111112
legit,tooogooo,1381.400793650794
legit,jobvalue,1078.1607142857142
legit,internetkapitaene,1894.8310457516338
legit,websitetrafficspy,1382.8260620915034
legit,hqylgc,587.7777777777777
legit,eutorrents,1862.5064814814814
legit,wpdaxue,984.6063492063491
legit,alison,1771.9222222222224
legit,qis,1261.6666666666667
legit,martiniadnetwork,1559.7301587301588
legit,magicgold,1145.9351851851852
legit,hipercontas,1654.4181818181817
legit,parkwind,1239.8214285714287
legit,attractiveworld,1521.8140415140417
legit,germany,1458.1174603174602
legit,chrisbrogan,1373.9050505050502
legit,blackrock,1043.4246031746031
legit,demoflynax,1122.710185185185
legit,f575,77.0
legit,ekantipur,1519.8313492063492
legit,downloadming,1275.0979797979796
legit,preisroboter,1726.0368686868687
legit,shoqolate,1463.4007936507935
legit,fantlab,1345.6634920634922
legit,schoolbank,1187.8916666666667
legit,logiciel,1508.9246031746034
legit,zmingcx,998.2492063492064
legit,orgulhohetero,1459.0841103341102
legit,a2zsubmission,1289.5386557886557
legit,unitybox,1055.6626984126983
legit,plan,1452.861111111111
legit,infostatsvc,1481.3026936026936
legit,satisfactionsurveycalculator,1528.2328381495051
legit,ahrefs,1487.1722222222224
legit,gamesxite,1605.8088624338625
legit,haulix,1049.9777777777779
legit,noticias24,1378.5592592592593
legit,connectindia,1766.2777777777776
legit,universalstudios,1560.399603174603
legit,luosi,1387.2055555555555
legit,online-metrix,1559.6359751359753
legit,arabsexweb,1391.7425925925925
legit,xxxwebtraffic,970.426961926962
legit,seismology,1395.0685185185184
legit,hmjf01,247.2888888888889
legit,frponline,1570.888888888889
legit,magnumads,1196.228835978836
legit,digitalareas,1740.780303030303
legit,girlsofvs,1194.625
legit,showmystreet,1464.5651515151515
legit,acidezfeminina,1579.79884004884
legit,liveitwithcharter,1539.4944444444445
legit,hyogo,860.3000000000001
legit,onenameglobal,1550.3681041181042
legit,cavaye,1341.1055555555556
legit,prenatal,1804.7738095238094
legit,raorao,1733.45
legit,masteringaandp,1685.599816849817
legit,4rbtv,778.85
legit,superlife,1545.6468253968253
legit,alamo,1465.3055555555557
legit,freedownloadmp3,1242.6330891330892
legit,citi,1762.6944444444443
legit,vecernji,1551.172619047619
legit,siberiantimes,1855.0940170940173
legit,socialingot,1609.750168350168
legit,myfirsttime,1433.3989898989896
legit,tangerine,1995.2804232804235
legit,terminix,1674.5238095238094
legit,adzpot,1102.7666666666667
legit,justapinch,1277.1638888888888
legit,china5e,1446.8015873015872
legit,sethgodin,1519.751984126984
legit,sunnyplayer,1353.6979797979795
legit,lnwshop,1061.068253968254
legit,campograndenews,1496.7980463980464
legit,superhost,1495.9424603174605
legit,toroadvertisingmedia,1673.391910331384
legit,missselfridge,1546.0184537684536
legit,teenfuckr,1432.2579365079364
legit,wiwo,933.5833333333334
legit,moneysavingmom,1355.5821123321123
legit,beecrazy,1352.1765873015872
legit,adpro,1363.5111111111112
legit,freeflys,1386.4623015873015
legit,864321,0.0
legit,palingseru,1631.539814814815
legit,leying365,1025.8743386243386
legit,responsivedesign,1746.8938492063492
legit,fivestore,1738.6263227513227
legit,whatwg,882.0888888888888
legit,echoroukonline,1533.5439560439563
legit,biglion,1416.0984126984129
legit,pornoload,1405.3783068783068
legit,jenniferbeals,1621.569153069153
legit,gfk,360.0
legit,viet4rum,1190.6488095238094
legit,mid-day,934.5158730158731
legit,81tiyu,800.8333333333334
legit,irc,1529.4444444444443
legit,60millions-mag,1136.7503052503052
legit,psychforums,1007.777441077441
legit,pluginbeast,1425.7222222222224
legit,mialiana,1696.4642857142856
legit,creativegroup,1553.5211732711732
legit,pricesearchindia,1715.08373015873
legit,unext,1368.9722222222224
legit,finanzfrage,1403.6494949494952
legit,rumahku,893.0174603174602
legit,liniodesign,1700.9636363636364
legit,kakuyasubus,949.777441077441
legit,propay,1182.4388888888889
legit,beautifuldecay,1330.6394993894994
legit,monayaa,1439.5206349206348
legit,note,1918.111111111111
legit,moviesmobile,1453.3878787878787
legit,grupinis,1432.7896825396826
legit,junkiemonkeys,1249.55439005439
legit,yootheme,1452.7083333333333
legit,meezanbank,1401.1055555555556
legit,theflyingkick,1168.5042735042734
legit,diarioveloz,1464.2632996632994
legit,mondaq,1182.8333333333333
legit,indiaresults,1748.7575757575758
legit,7mo,714.3333333333334
legit,linkyers,1540.9503968253966
legit,cinemakhabar,1426.6964646464646
legit,dating-central,1628.0662393162393
legit,turunculevye,1279.759090909091
legit,haotougu,1126.5436507936508
legit,secretchina,1763.1313131313134
legit,rocklandtrustonline,1552.608703130375
legit,superplayer,1511.6114478114478
legit,blogsurfer,1283.0314814814815
legit,vivaahsurat,1344.3760942760944
legit,exhib-rencontre,1550.388400488401
legit,seodesignsolutions,1704.8213507625271
legit,mafa,1186.0555555555554
legit,erotube,1651.9031746031744
legit,kukudown,738.5535714285714
legit,corning,1627.7396825396827
legit,seolytics,1575.616402116402
legit,gamestraffic,1448.9353535353537
legit,huurwoningen,1406.5156565656569
legit,galleryhip,1330.3638888888888
legit,xt918,337.78333333333336
legit,ibenn,1696.111111111111
legit,filmuletul,1212.8
legit,wondermomwannabe,1425.4343253968254
legit,onhax,1188.2
legit,positionly,1548.336111111111
legit,worxware,1313.7162698412696
legit,9stock,1073.0611111111111
legit,phpform,889.1984126984127
legit,toptravellists,1591.0540293040292
legit,cathaylist,1453.885185185185
legit,netizenca,1759.2473544973543
legit,whogohost,1092.7579365079364
legit,4008123123,0.0
legit,ttlink,1460.461111111111
legit,lematin,1855.0619047619048
legit,superyachts,1382.8296296296296
legit,cindymovies,1404.279797979798
legit,storycorps,1430.238888888889
legit,alba,1355.361111111111
legit,ypsilon,1351.036507936508
legit,sportiv,1454.136507936508
legit,brazzer,1257.268253968254
legit,laughsocksoff,1014.962703962704
legit,ahanonline,1750.039814814815
legit,medimagazin,1408.131313131313
legit,zagg,767.9166666666666
legit,blog4ever,1260.7328042328043
legit,yenimedya,1492.5621693121693
legit,vonagebusiness,1604.8714896214897
legit,cancanit,1692.8313492063492
legit,arabjostars,1537.9168350168347
legit,nostringsattached,1657.2337418300656
legit,nationaljournal,1588.4451770451772
legit,hostdepartment,1614.4569597069597
legit,theiaoh,1497.7301587301588
legit,fuutube,1002.0507936507935
legit,sexyandfunny,1189.9252525252525
legit,buytopia,1130.2420634920636
legit,omb100,427.98333333333335
legit,club-lexus,964.2083333333334
legit,naturessunshine,1753.449938949939
legit,crankmovies,1446.821548821549
legit,ksu,893.7777777777778
legit,imagebam,1342.2738095238094
legit,hobbyjapan,950.4324074074074
legit,marchettidesign,1613.888400488401
legit,chinabaike,1455.1499999999999
legit,maxlinkdirectory,1385.25873015873
legit,epochconverter,1627.4706959706957
legit,bbsgayru,949.6091269841269
legit,vcharkarn,1253.4166666666667
legit,eresourcesonline,1921.3257936507937
legit,nyit-nyit,1235.6878306878307
legit,cooks,1222.8999999999999
legit,ticketnetwork,1483.9265734265734
legit,ajarnforum,1222.375925925926
legit,okmagazine,1338.4824074074074
legit,bookmarklinking,1243.6642246642248
legit,amexsafekey,1361.9441077441077
legit,homedecorators,1646.0274725274724
legit,seoabcs,1544.863492063492
legit,bigbasket,1273.71164021164
legit,mnogo-porno,1172.9255892255892
legit,ghumakkar,940.7017195767195
legit,seedfinder,1824.888888888889
legit,seriesdanko,1771.4060606060605
legit,openstack,1544.366402116402
legit,divxstation,1544.9383838383837
legit,freeuknumber4u,1213.0128205128206
legit,6781,0.0
legit,essortment,1878.7064814814814
legit,sportsinteraction,1839.6387254901963
legit,goodmeal,1374.1349206349205
legit,blogherald,1315.075
legit,alianzis,1589.357142857143
legit,dattobackup,1160.7555555555555
legit,name,1757.0555555555557
legit,couponconnections,1630.724428104575
legit,footballguys,1083.7621212121212
legit,navisite,1779.9702380952383
legit,mixlr,1073.3333333333333
legit,securitylab,1425.3811447811447
legit,themommy,1105.0119047619048
legit,dazzleyellowpages,1271.33227124183
legit,expediainc,1620.3379629629628
legit,cinapalace,1665.1546296296294
legit,homedesignlover,1547.9758241758238
legit,decorativemodels,1642.1863095238095
legit,babybus,840.4015873015874
legit,mojang,1129.4277777777777
legit,forumnov,1053.063492063492
legit,libri,1454.5277777777776
legit,lostfilm,1283.0753968253969
legit,siliconbeachtraining,1642.067641325536
legit,famouswhy,884.8981481481482
legit,akhbar,1106.5222222222221
legit,championat,1455.0148148148148
legit,va,1077.3333333333333
legit,ncregister,1853.3999999999999
legit,hotmasalaboard,1400.0918803418801
legit,rudebaguette,1515.5348484848482
legit,dashnet,1583.6968253968253
legit,travelingmorion,1643.5158730158728
legit,greytip,1438.6920634920637
legit,fotoenlinea,1754.710774410774
legit,pomsinoz,1281.1805555555554
legit,jeetools,1606.5039682539682
legit,checkatrade,1529.4956228956228
legit,mediafax,1324.4087301587304
legit,puretracks,1473.0203703703703
legit,radiodiscussions,1624.054365079365
legit,lommelegen,1590.2277777777779
legit,cosmicbooknews,1281.4597069597069
legit,avis-site,1576.3908730158728
legit,bigtitsmassive,1536.4175824175825
legit,woltlab,1135.0238095238094
legit,localizedbiz,1249.3717171717171
legit,nomorepanic,1611.008754208754
legit,f319,77.0
legit,63,0.0
legit,javfree,1384.5380952380954
legit,uni-heidelberg,1408.5494505494505
legit,thomann,1420.2619047619046
legit,supgamer,1382.8253968253966
legit,intelseek,1910.9570105820105
legit,seekpart,1677.0972222222224
legit,fuckzone,1060.202380952381
legit,aaaagencysearch,1585.1598290598292
legit,lancers,1832.2047619047617
legit,imoffice,1310.920634920635
legit,uvmmexico,1081.3743386243386
legit,minutouno,1389.9874338624338
legit,wealthforhome,1331.2661227661229
legit,bershka,1362.8031746031745
legit,bestrussiantv,1606.4609557109554
legit,myuhc,623.2833333333333
legit,justacote,1512.5555555555557
legit,wcdn,917.1666666666666
legit,verkami,1396.2031746031746
legit,fatloss4idiots,1426.150183150183
legit,buenosaires,1751.3818181818185
legit,suvdhan,1118.9460317460316
legit,instantpresenter,2020.9511904761905
legit,ljks,766.1388888888888
legit,imscrapidmailer,1530.3148962148962
legit,sb24,521.0833333333334
legit,adnetworkeu,1429.2047138047137
legit,onlinepayment,1662.1377233877236
legit,canalchat,1501.6031746031742
legit,2014millionaire,1280.0617826617827
legit,manotopic,1435.792328042328
legit,lienscash,1661.3333333333333
legit,pezeshkan,1379.320767195767
legit,defimedia,1579.3108465608466
legit,joygamedl,1099.6739417989418
legit,nocensura,1685.6488095238094
legit,rdwebdirectory,1416.1224053724054
legit,internationalchampionscup,1625.1398550724637
legit,twitterfeed,1695.26936026936
legit,freearticleforyou,1558.2360294117645
legit,csnimages,1584.2718253968253
legit,newfollow,1168.9464285714287
legit,kentico,1695.2539682539682
legit,actiris,1795.7904761904763
legit,yuanlin,1426.536507936508
legit,xuk,313.94444444444446
legit,infortis-themes,1576.4749694749696
legit,fzmovies,1183.1785714285713
legit,crispme,1530.2904761904763
legit,tomtom,1293.0
legit,meethotwifes,1534.8459595959594
legit,torrentfunk,1491.0121212121212
legit,kijkshop,857.1448412698413
legit,gazetapolska,1319.0737373737372
legit,coomgirls,1312.78835978836
legit,bang2joom,965.3895502645502
legit,lancelhoff,1265.5731481481482
legit,cronica,1632.3809523809523
legit,jessicalondon,1610.1959984459984
legit,elostaz,1566.9587301587298
legit,tochka,1131.0111111111112
legit,ankawa,1300.7222222222222
legit,ziarulevenimentul,1542.3894607843138
legit,guiadelocio,1453.810101010101
legit,lowesforpros,1412.6621212121215
legit,styleforum,1280.7583333333334
legit,subnet-calculator,1363.6376633986927
legit,seopanel,1784.9920634920634
legit,vegaviet,1501.5813492063492
legit,glamourparis,1393.0469696969697
legit,pearsonified,1701.5186868686867
legit,hostreview,1544.9472222222223
legit,perfil,1479.4111111111113
legit,2100book,445.0654761904762
legit,berliner-kurier,1620.5429792429795
legit,pages02,1136.6095238095238
legit,cinemablend,1606.914814814815
legit,hertzcarsales,1657.2964257964256
legit,horseshoes,1712.414814814815
legit,feisuzw,1084.3936507936507
legit,scene7,1689.6277777777777
legit,plus-music,1051.562962962963
legit,microporno,1420.9574074074073
legit,anvianet,1763.4603174603174
legit,detectinvisible,1713.2971916971917
legit,mmb,572.0
legit,alcatel,1738.4126984126985
legit,kattare,1765.747619047619
legit,newayseurasia,1637.2354312354312
legit,onlineslangdictionary,1673.6734753550545
legit,shoghlanty,1207.950925925926
legit,vietbando,1460.797619047619
legit,armywifeandmommy,1149.0589285714286
legit,optionaffiliates,1645.8666666666668
legit,mikes-marketing-tools,1389.540810359231
legit,kupirebenku,1256.3696969696969
legit,vivelesrondes,1714.6969696969697
legit,viralcontentbuzz,1353.446626984127
legit,silverfoxleadfactory,1361.937426900585
legit,wakegov,1037.3619047619047
legit,futbol24,709.3571428571428
legit,driveplaza,1330.8712962962961
legit,geraldojose,1539.4713804713804
legit,happilyblended,1310.079365079365
legit,tnews,1576.0
legit,madoomee,1560.9880952380952
legit,liriklagu,1259.7493386243386
legit,questoesdeconcursos,1593.212704965027
legit,bradfrostweb,1277.1545454545455
legit,gizchina,1259.2876984126983
legit,forexindo,1460.0112433862432
legit,lift,1269.3333333333333
legit,oncamforyou,1217.6124579124578
legit,tyden,1511.75
legit,promonegocios,1489.0328282828284
legit,bnatgames,1523.3657407407409
legit,p1,336.8333333333333
legit,bravacursos,1351.5195286195285
legit,saldiprivati,1549.5171717171715
legit,equussafelist,1478.810606060606
legit,cofinoga,1363.8154761904761
legit,viruslist,1468.3287037037037
legit,ls-world,1038.3948412698412
legit,qz,43.0
legit,cablestogo,1485.8675925925925
legit,tbxbs,832.5666666666666
legit,777town,716.6507936507936
legit,marinsoftware,1598.8999611499612
legit,lovemaegan,1516.7916666666667
legit,tradekorea,1745.1972222222223
legit,adexprt,1394.3809523809523
legit,vijaykarnatakaepaper,1413.306530214425
legit,123dapp,595.3396825396825
legit,budapestbank,1286.4444444444446
legit,dime-co,1265.490476190476
legit,cetizen,1740.6825396825395
legit,game798,837.447619047619
legit,chanel,1568.0
legit,speedycash,1448.6685185185186
legit,vosent,1703.4444444444443
legit,mercatornet,1793.9993265993264
legit,kickassgfx,991.9935185185186
legit,usamega,1455.5238095238094
legit,ericsson,1864.5119047619048
legit,hongshu,1119.4809523809524
legit,tahrirnews,1567.0064814814814
legit,bookmarksinfo,1216.3721833721834
legit,startrek,1753.3630952380952
legit,topwpthemes,1372.4760942760943
legit,modified-shop,1189.079254079254
legit,toyokeizai,1332.7083333333333
legit,chinairn,1603.732142857143
legit,adglobal360,863.2861952861953
legit,alistsites,1936.249074074074
legit,etvizler,1546.78373015873
legit,xe44,658.25
legit,streetauthority,1664.978876678877
legit,spoluzaci,1189.9748677248676
legit,aec-internet,1856.299494949495
legit,shortlist,1578.8458994708997
legit,mundobanana,1390.741750841751
legit,tupaki,1165.1333333333334
legit,ytimg,1094.1444444444444
legit,hab-inc,1125.0587301587302
legit,thefeecalculator,1552.423015873016
legit,xxxhost,839.425396825397
legit,fit4life,1248.4246031746031
legit,trootrac,1633.78373015873
legit,pagewash,1291.982142857143
legit,beaconads,1597.0244708994708
legit,amendes,1872.236507936508
legit,888777,0.0
legit,autonagar,1553.8525132275133
legit,teufel,1537.3222222222223
legit,linkmysite,1473.2129629629628
legit,pixelio,1441.4079365079363
legit,superwebdirectory,1478.1702614379085
legit,shoutcheap,1318.5527777777777
legit,articlestrump,1577.879759129759
legit,higheroneaccount,1533.368253968254
legit,forzearmate,1589.940740740741
legit,praktiker,1477.964947089947
legit,61flash,821.1222222222221
legit,accurateshooter,1693.7284493284494
legit,connexionsafe,1659.1353923853924
legit,directorysubmissionworld,1434.0750988142292
legit,eluniversalsanantonio,1732.896700083542
legit,vojdan,1063.2666666666667
legit,curdbee,1419.063492063492
legit,activesearchresults,1689.2940029813096
legit,sweepslocket,1482.1186868686866
legit,gamer-android,1423.7447552447554
legit,flasharcade,1468.0750841750842
legit,sparklit,1419.6329365079366
legit,2oceansvibe,1459.2030303030303
legit,laylagrayce,1348.4063973063974
legit,deal-fuchs,1113.9129629629629
legit,websiteforever,1655.1462148962148
legit,apobank,1205.21746031746
legit,epdrama,1491.4650793650796
legit,mrsnake,1489.947619047619
legit,sexfilmchen,1344.4326599326598
legit,moceanads,1585.476851851852
legit,bpergroup,1234.7056878306878
legit,immoral,1419.9015873015871
legit,tastingtable,1709.9065656565656
legit,foodrenegade,1618.2727272727273
legit,edut,1510.6666666666667
legit,patrastimes,1784.4983164983166
legit,europolit,1526.9391534391534
legit,soccerstand,1691.7053872053873
legit,offpageads,1255.7842592592592
legit,chuiso,1252.4555555555555
legit,jeuxdelajungle,1224.953601953602
legit,lookoutmovies,1324.3801476301476
legit,uuu9,485.47222222222223
legit,creatingreallyawesomefreethings,1688.549511803238
legit,foodlion,1390.2718253968253
legit,digital-eliteboard,1506.479302832244
legit,richgoptr,1286.4232804232804
legit,agentprovocateur,1556.5892857142856
legit,bettermedicine,1830.0064102564102
legit,trtsp,1521.9833333333333
legit,photoshop-help,1103.7445054945056
legit,porno,1444.4666666666665
legit,homepagemodules,1402.348595848596
legit,hallopizza,1097.5324074074074
legit,easypiso,1572.920634920635
legit,technobase,1604.2768518518517
legit,socialbirth,1417.106734006734
legit,squirrelmail,1454.4737373737373
legit,hqbabes,1123.7952380952381
legit,gevalia,1526.5761904761905
legit,ving,1424.5555555555554
legit,systemb2b,1111.3902116402116
legit,ipcdigital,1390.1962962962962
legit,zohomail,1154.7757936507935
legit,pedestrian,1876.4666666666665
legit,linkclaw,1220.9603174603174
legit,gbcinternetenforcement,1737.4901875901876
legit,thewhitecompany,1366.3162393162393
legit,sonkale,1623.373015873016
legit,samuel-warde,1355.7651515151515
legit,mobiles,1498.4333333333334
legit,moneymappress,1525.6301476301476
legit,puromarketing,1472.5097125097125
legit,dima-voyages,1219.4545454545455
legit,avvo,958.1666666666666
legit,viking-direct,1363.2942890442891
legit,ouou,1091.7222222222222
legit,masterwanker,1665.3530303030302
legit,jornaldenegocios,1550.5960317460315
legit,moviejones,1527.7740740740744
legit,urlsnoop,1313.6805555555554
legit,rautemusik,1417.4351851851852
legit,tiposde,1625.0222222222221
legit,moneyplatform,1323.2843822843822
legit,centralops,1676.0712962962962
legit,tds,1393.7777777777776
legit,5hippos,1017.0
legit,heathrowairport,1480.39768009768
legit,downloadnewsong,1340.8739926739927
legit,solarvps,1365.3650793650795
legit,0668,0.0
legit,aliyuncs,1332.9900793650793
legit,adscience,1765.7136243386242
legit,upgradecracker,1439.7878510378507
legit,elektrotanya,1608.0959595959594
legit,aosholding,1429.215740740741
legit,88ha,594.9444444444445
legit,grooby,1012.1944444444445
legit,51zzl,234.50555555555556
legit,index-education,1549.685347985348
legit,fastpics,1410.4623015873015
